,store,sido,gungu,store_address,_merge
0,강일지구점,서울특별시,강동구,"서울특별시 강동구 아리수로93길 27 202(강일동,,2강일타워2층202호~203호)",both
1,암사본점,서울특별시,강동구,서울특별시 강동구 올림픽로 786 (암사동) ,both
2,길동점,서울특별시,강동구,서울특별시 강동구 명일로 198 (길동) ,both
3,성내점,서울특별시,강동구,"서울특별시 강동구 풍성로 141 (성내동) 성내동, 1층",both
4,암사스타점,서울특별시,강동구,서울 강동구 암사동 암사동 447-7 ,both
5,고덕점,서울특별시,강동구,서울 강동구 고덕1동 645-8번지,both
6,둔촌점,서울특별시,강동구,서울 강동구 둔촌2동 70-56,both
7,명일점,서울특별시,강동구,서울 강동구 명일동 289-14,both
8,상일점,서울특별시,강동구,서울특별시 강동구 상일동 276,both
9,암사2점,서울특별시,강동구,서울 강동구 천호동 243-18 1층,both
10,천호점,서울특별시,강동구,서울 강동구 천호3동 169-35,both
11,곤지암리조트점,경기도,광주시,경기도 광주시 도척면 도척윗로 278 ,both
12,경기광주중앙점,경기도,광주시,경기도 광주시 중앙로 150 (경안동) ,both
13,경기광주2호점(cafe),경기도,광주시,경기 광주시 탄벌동 765 경남아파트상가비동103호,both
14,경기광주쌍동점,경기도,광주시,경기 광주시 초월읍 쌍동리 184,both
15,경기광주역점(올리브카페),경기도,광주시,경기도 광주시 장지1길 19 (장지동) 1층,both
16,경기광주태전점,경기도,광주시,경기도 광주시 태봉로 23 (태전동) ,both
17,경기광주퇴촌점,경기도,광주시,경기 광주시 퇴촌면 광동리 173-7,both
18,경기능골점,경기도,광주시,경기 광주시 오포읍 능평리 174-33,both
19,경기양벌리점,경기도,광주시,경기 광주시 오포읍 양벌리 561-1,both
20,곤지암점,경기도,광주시,경기 광주시 실촌면 곤지암리 453-48번지,both
21,광주도척점,경기도,광주시,경기도 광주시 도척면 노곡로 19 (1층),both
22,광주도평리점,경기도,광주시,경기도 광주시 초월읍 현산로 106 ,both
23,광주송정역점(올리브카페),경기도,광주시,경기도 광주시 광주대로224번길 1 (송정동) 1층 3호,both
24,광교도청점,경기도,수원시,"경기 수원시 영통구 이의동 지타워203호,204호",both
25,수원시청점,경기도,수원시,경기도 수원시 팔달구 효원로 307번길 39 (효원동),both
26,수원호매실스타점,경기도,수원시,경기 수원시 권선구 금곡동 570-2 우성매디피아 1층 101호~103호,both
27,수원곡반정점,경기도,수원시,경기 수원시 권선구 곡반정동 584-5,both
28,수원영통1점,경기도,수원시,경기도 수원시 영통구 영통로 523 (영통동),both
29,영화행복점,경기도,수원시,"경기도 수원시 장안구 장안로7번길 18 (영화동) 영화동, 102호, 103호",both
30,고색행복점,경기도,수원시,경기도 수원시 권선구 매송고색로 701 (고색동) ,both
31,수원세류점(치킨앤비어),경기도,수원시,경기도 수원시 권선구 정조로388번길 6(세류동) 1층,both
32,수원조원점,경기도,수원시,경기도 수원시 장안구 경수대로 920 (조원동) 2층,both
33,파장점,경기도,수원시,경기 수원시 장안구 파장동 588,both
34,매탄2점(명변),경기도,수원시,경기 수원시 영통구 매탄4동 207-18번지,both
35,매탄점,경기도,수원시,"경기도 수원시 팔달구 권광로 246 (인계동, 래미안 노 상가동 114호",both
36,세류대우점,경기도,수원시,경기 수원시 팔달구 매산로3가 111-9,both
37,수원곡선점,경기도,수원시,경기 수원시 권선구 권선동 1259-9,both
38,수원구운점,경기도,수원시,경기 수원시 권선구 구운동 530-2,both
39,수원권선점,경기도,수원시,경기 수원시 권선구 권선동 1049-12,both
40,수원꽃뫼마을점,경기도,수원시,경기 수원시 팔달구 화서2동 685-3 101호,both
41,수원당수점,경기도,수원시,경기 수원시 권선구 당수동    인정프린스 105호,both
42,수원망포점,경기도,수원시,경기 수원시 영통구 망포동 297-8 외1필지 가동 1층2호,both
43,수원성대점,경기도,수원시,경기 수원시 장안구 천천동 561-1 105호,both
44,수원영통벽적골점,경기도,수원시,경기 수원시 영통구 영통동 976-11,both
45,수원영통점,경기도,수원시,"경기 수원시 영통구 영일로  16-4(영통동,1층)",both
46,수원우만1점,경기도,수원시,경기 수원시 팔달구 우만동 522,both
47,수원율전점,경기도,수원시,경기 수원시 장안구 서부로  2126번길  27(율전동),both
48,수원정자행운점(cafe)(2),경기도,수원시,"경기도 수원시 장안구 정자천로189번길 40 (정자동,  분산상가동 101,102호",both
49,수원지동점,경기도,수원시,경기 수원시 팔달구 지동 144-7,both
50,수원천천점,경기도,수원시,경기 수원시 장안구 정자동 914 대림진흥상가 101호,both
51,수원한일타운점,경기도,수원시,경기 수원시 장안구 송죽동 73 현광프라자 103,both
52,수원화서2점,경기도,수원시,"경기도 수원시 팔달구 동말로25번길 96 (화서동,1층)",both
53,스타캐슬PC방점,경기도,수원시,경기 수원시 권선구 권선동 1038~1066 1052-8번지 2층(세권로181번길 20-3),both
54,신매탄점(2),경기도,수원시,"경기도 수원시 영통구 매탄로 142 (매탄동, 양성프라 102호",both
55,우만점,경기도,수원시,경기 수원시 팔달구 우만동 96-6,both
56,정자영화점,경기도,수원시,"경기도 수원시 장안구 장안로 52-1 (영화동, 음악자녀 1층",both
57,호매실수변공원점,경기도,수원시,경기도 수원시 권선구 서수원로523번길 12-18 (금곡동 1층,both
58,광교상현점,경기도,용인시,"경기도 용인시 수지구 법조로 242 (상현동,광교파크프 101, 201호",both
59,강남대점,경기도,용인시,"경기도 용인시 기흥구 강남동로 12 (구갈동) 108, 109호",both
60,성복점,경기도,용인시,"경기도 용인시 수지구 성복2로76번길 25-30 (성복동,  지하1층",both
61,용인동백점,경기도,용인시,경기도 용인시 기흥구 동백3로11번길 18 103호,both
62,용인동백호수점,경기도,용인시,경기 용인시 기흥구 동백동 619-3,both
63,용인마북점,경기도,용인시,"경기도 용인시 기흥구 마북로 159 (마북동, 한성프라 111호",both
64,용인보라점,경기도,용인시,"경기도 용인시 기흥구 한보라2로 5-5 (보라동) (보라동,B01호)",both
65,흥덕지구점,경기도,용인시,경기 용인시 기흥구 영덕동 974-7 미래도프라자 103호,both
66,용인동천유타워점,경기도,용인시,"경기도 용인시 수지구 신수로 767 (동천동, 분당수지U B동 A-125호",both
67,상현점,경기도,용인시,"경기도 용인시 수지구 수지로 70-1 (상현동, 동원한의 ",both
68,용인공세점,경기도,용인시,경기 용인시 기흥구 고매동 359 동성아파트 제상가동 102호,both
69,용인구갈점(express)(2),경기도,용인시,"경기도 용인시 기흥구 기흥로 18 (구갈동, 길부동산) ",both
70,용인구성점,경기도,용인시,경기 용인시 기흥구 마북동 409~475 475-1,both
71,용인둔전점,경기도,용인시,경기도 용인시 처인구 포곡읍 포곡로 82 (이바돔감자 1층,both
72,용인모현외대점,경기도,용인시,경기 용인시 처인구 모현면 왕산리 790-7 외 2필지,both
73,용인보정점,경기도,용인시,경기 용인시 기흥구 보정동 1266-6 현대휴먼프라자 106,both
74,용인삼가역점,경기도,용인시,경기도 용인시 처인구 지삼로 610 (삼가동) 제1층,both
75,용인상갈점,경기도,용인시,경기 용인시 기흥구 상갈동 485-1,both
76,용인상현행복점,경기도,용인시,"경기도 용인시 수지구 이현로 115 130(상현동,상현프라자)",both
77,용인서천점,경기도,용인시,경기도 용인시 기흥구 서천서로20번길 2 (서천동) 103호,both
78,용인송전점,경기도,용인시,경기도 용인시 처인구 이동면 경기동로687번길 3 재승빌딩1층제1호,both
79,용인신갈점,경기도,용인시,"경기도 용인시 기흥구 새천년로26번길 10 103(신갈동,반석프라자)",both
80,용인양지점,경기도,용인시,경기 용인시 처인구 양지면 양지리 573-5,both
81,용인언남점,경기도,용인시,경기도 용인시 기흥구 구성로 77번길 2(언남동),both
82,용인역북점,경기도,용인시,"경기 용인시 처인구 역북동 425-7, 1층",both
83,용인죽전새터점,경기도,용인시,"경기도 용인시 수지구 죽전로 253-3 (죽전동, 경혁프 (죽전동,상생프라자101,102호)",both
84,용인죽전점,경기도,용인시,경기 용인시 수지구 죽전동 1261 도담마을우미이노스빌 제상가동 102호,both
85,용인천리점,경기도,용인시,경기 용인시 처인구 이동면 천리 234-10,both
86,용인청덕점,경기도,용인시,"경기 용인시 기흥구 청덕동 250-1 호반베르디움상가 106,107호",both
87,용인풍덕천점,경기도,용인시,경기 용인시 풍덕천동 750번지,both
88,광주봉선점,광주광역시,남구,광주광역시 남구 봉선중앙로 3 ,both
89,효천스타점,광주광역시,남구,광주광역시 남구 효우2로26번길 14 (행암동) ,both
90,광주백운점,광주광역시,남구,"광주광역시 남구 백운로 91-2 (백운동) 104(백운동,1층)",both
91,광주진월점,광주광역시,남구,광주 남구 진월동 412-5번지,both
92,봉선제일점,광주광역시,남구,광주광역시 남구 봉선중앙로 57 ,both
93,진월효덕점,광주광역시,남구,광주광역시 남구 화산로31번길 23 (진월동) 1층 103호(효우빌딩),both
94,광주수완장덕점(P-cafe)(3),광주광역시,광산구,광주광역시 광산구 풍영로 277 (장덕동) 1층,both
95,광주송정점,광주광역시,광산구,광주광역시 광산구 광산로 5-1 (송정동) .,both
96,선운지구점,광주광역시,광산구,"광주 광산구 선운로20번길 60 (선암동, 1층)",both
97,광주수완신가점(올리브카페),광주광역시,광산구,"광주광역시 광산구 수등로76번길 15 (신가동, 스타빌) 1층",both
98,광주수완점,광주광역시,광산구,광주광역시 광산구 장신로 135 (수완동) 1층 109호,both
99,광주신창행운점,광주광역시,광산구,광주광역시 광산구 왕버들로251번길 14 (신창동) 1층,both
100,광주운남점,광주광역시,광산구,광주 광산구 운남동 목련로 153번길 31 1층,both
101,광주첨단금호점,광주광역시,광산구,광주 광산구 월계동 756-6 라인5차아파트 상가-101,both
102,광주첨단월계점,광주광역시,광산구,광주 광산구 월계동 813-9,both
103,광주하남점,광주광역시,광산구,광주광역시 광산구 하남대로54번안길 3 (하남동) ,both
104,광주치평본점,광주광역시,서구,"광주광역시 서구 상무자유로 173 치평동,1,2층",both
105,광주풍암점,광주광역시,서구,광주광역시 서구 풍암1로21번길 15-13 (풍암동) 1층,both
106,화정스타점,광주광역시,서구,광주 서구 화정동 1334 101호,both
107,광주금호점,광주광역시,서구,"광주광역시 서구 금화로115번길 25 (금호동, 한국2차 도시공사2단지상가동102호",both
108,광주마재점,광주광역시,서구,"광주광역시 서구 화개중앙로 55 (금호동,1층)",both
109,광주상무점,광주광역시,서구,"광주광역시 서구 상무중앙로 57 (치평동, 상무중흥S클 ",both
110,광주쌍촌점,광주광역시,서구,광주광역시 서구 내방로240번길 5 (쌍촌동) 1층,both
111,광주풍암점,광주광역시,서구,광주 서구 풍암동 1078-4,both
112,광주화정점,광주광역시,서구,광주광역시 서구 염화로 122 (화정동) 1층,both
113,교대본점,서울특별시,서초구,서울특별시 서초구 남부순환로 339길 63(서초동 1층),both
114,교대역점(올리브카페)(3),서울특별시,서초구,"서울특별시 서초구 서초중앙로24길 9 (서초동, 신우빌 1층 10호",both
115,방배본점,서울특별시,서초구,서울 서초구 방배1동 925-24,both
116,강남고속버스터미널점,서울특별시,서초구,"서울특별시 서초구 신반포로 194 강남고속버스터미널 (반포동,본관지층)",both
117,사당메트로점,서울특별시,서초구,서울특별시 서초구 방배천로 5-1 (방배동) 2층,both
118,양재주암점,서울특별시,서초구,서울특별시 서초구 매헌로 36 (양재로) 2층,both
119,내곡포레스타점,서울특별시,서초구,"서울특별시 서초구 청계산로7길 43 (신원동, 서초포레 101호",both
120,반포중앙점,서울특별시,서초구,"서울특별시 서초구 신반포로23길 41 (잠원동, 잠원상 121호 122호",both
121,방배이수점,서울특별시,서초구,서울특별시 서초구 도구로 93 (방배동) ,both
122,서초2점,서울특별시,서초구,서울 서초구 서초동 1510-15 1층 108호,both
123,서초3점,서울특별시,서초구,서울 서초구 서초동 1334 신동아상가 105호,both
124,서초점,서울특별시,서초구,서울 서초구 반포동 740-17 1층,both
125,서초타워점,서울특별시,서초구,"서울특별시 서초구 중앙로 582 (우면동) 101(우면동,서초타워)",both
126,우면점,서울특별시,서초구,서울 서초구 양재동 111-5 양촌빌딩 1층,both
127,잠원점(올리브카페),서울특별시,서초구,"서울특별시 서초구 나루터로 69 (잠원동, 샤르망) 104호",both
128,군산수송스타점,전라북도,군산시,전라북도 군산시 수송로 213 (수송동) 2층,both
129,군산나운행운점,전라북도,군산시,"전라북도 군산시 수송로 37 (나운동, 나뚜루) ",both
130,군산경암점(명변)(express),전라북도,군산시,"전북 군산시 대명동 대명길 3, 상가동 1층 107호",both
131,군산나운더하임점,전라북도,군산시,전북 군산시 나운동 1556 보람더하임상가 가동 103호,both
132,군산나운신도시점(express)(명변)(3),전라북도,군산시,전라북도 군산시 서수송2길 40 (나운동) 1층,both
133,군산나운지곡점,전라북도,군산시,전라북도 군산시 동지곡길 38 (지곡동),both
134,군산미룡점,전라북도,군산시,전북 군산시 미룡동 898-1,both
135,군산미장점,전라북도,군산시,"전북 군산시 미장남로 10, 1동 105호(미장아이파크상 ",both
136,군산산북소룡점,전라북도,군산시,전북 군산시 산북동 3536-5 ,both
137,군산수송점,전라북도,군산시,전북 군산시 삼학동 361-2번지,both
138,나주혁신점,전라남도,나주시,전라남도 나주시 상야2길 7 (빛가람동) 114(중흥S-클래스메가티움1차1층),both
139,전남나주시내점,전라남도,나주시,전라남도 나주시 중앙로 7 (남내동) ,both
140,전남남평점,전라남도,나주시,전라남도 나주시 남평읍 남평1로 10 ,both
141,빛가람점,전라남도,나주시,전라남도 나주시 그린로 193 (빛가람동) 1층 105호,both
142,남양주묵현점,경기도,남양주시,경기도 남양주시 화도읍 먹갓로28번길 14 ,both
143,호평역점,경기도,남양주시,경기 남양주시 호평동 658-3,both
144,별내점,경기도,남양주시,경기도 남양주시 별내5로5번길 51 (별내동) 1층,both
145,금곡점(cafe명변),경기도,남양주시,경기 남양주시 금곡동 430-34번지,both
146,남양주리코스타점(e-cafe)(명변),경기도,남양주시,경기도 남양주시 별내면 청학로68번길 3 (금강빌딩) 지층 1호,both
147,덕소점,경기도,남양주시,경기 남양주시 와부읍 덕소리 491-1,both
148,덕소진도점,경기도,남양주시,경기 남양주시 와부읍 덕소리 537-3번지 진도A 상가,both
149,마석행복점,경기도,남양주시,경기 남양주시 화도읍 마석우리 588번지 104호,both
150,부영점,경기도,남양주시,경기 남양주시 지금동 390-16번지  예전빌딩 1층,both
151,오남점,경기도,남양주시,경기도 남양주시 오남읍 진건오남로 698 105,both
152,진접택지점(cafe),경기도,남양주시,경기 남양주시 진접읍 금곡리 1081-1번지,both
153,평내1점,경기도,남양주시,"경기도 남양주시 평내로29번안길 34 ,101(평내동,모던빌)",both
154,논산점,충청남도,논산시,충청남도 논산시 중앙로 271 (취암동),both
155,논산중앙점,충청남도,논산시,충청남도 논산시 번영로17번길 10-11 (취암동) 1층 101호,both
156,대전둔산사학연금점,대전광역시,서구,대전광역시 서구 한밭대로 809 (둔산동) 1층,both
157,대전둔산점,대전광역시,서구,대전광역시 서구 둔산남로105번길 18 (둔산동) 102(둔산동),both
158,대전가장점,대전광역시,서구,"대전광역시 서구 도산로253번길 51 (내동) 내동,블루존상가106,107호",both
159,대전내동점,대전광역시,서구,대전광역시 서구 신갈마로 51 ,both
160,대전월평점(cafe),대전광역시,서구,대전 서구 월평동 227번지 1층,both
161,대전갈마점,대전광역시,서구,대전 서구 갈마동 1392 1층,both
162,대전관저느리울점,대전광역시,서구,대전광역시 서구 구봉로 139 (관저동) ,both
163,대전관저점,대전광역시,서구,대전광역시 서구 관저북로51번길 8-20 (관저동) 101호,both
164,대전배재대점,대전광역시,서구,대전 서구 도마2동 109-26번지,both
165,대전복수점(Cafe),대전광역시,서구,대전 서구 복수동 612 초록마을아파트2단지상가 112,both
166,대전정림점,대전광역시,서구,대전 서구 정림동  609번지,both
167,대전정림점,대전광역시,서구,대전광역시 서구 정림동로7번길 40 (정림동) 1층(정림동),both
168,대전탄방점,대전광역시,서구,"대전광역시 서구 계룡로571번길 17 (탄방동, 태양빌딩 탄방동 103호",both
169,도안사랑점,대전광역시,서구,대전광역시 서구 용소로12번길 22 (가수원동) 1층,both
170,대전중리행운점,대전광역시,대덕구,"대전광역시 대덕구 한밭대로 1141 (중리동, 진성빌딩) ",both
171,대전신탄진점,대전광역시,대덕구,대전 대덕구 신탄진동 121-23,both
172,대전송촌점,대전광역시,대덕구,대전 대덕구 송촌동 467-1,both
173,봉은사역점,서울특별시,강남구,"서울특별시 강남구 영동대로 611 (삼성동, Chan&ChanT; 1층,2층",both
174,역삼스타점,서울특별시,강남구,서울특별시 강남구 논현로 411 지상1층,both
175,강남세곡점,서울특별시,강남구,"서울특별시 강남구 헌릉로 569 (세곡동) 101(세곡동,강남리더스프라자)",both
176,논현중앙점,서울특별시,강남구,"서울특별시 강남구 언주로136길 10 (논현동,1층)",both
177,대청점,서울특별시,강남구,서울 강남구 일원동 687-2,both
178,신사점,서울특별시,강남구,서울 강남구 신사동  561-22,both
179,학동역점,서울특별시,강남구,서울특별시 강남구 학동로34길 23 (논현동) 1층,both
180,개포스타점,서울특별시,강남구,서울특별시 강남구 논현로12길 19-9 (개포동) ,both
181,압구정스타점,서울특별시,강남구,서울 강남구 신사동 634-16 ,both
182,개포2점,서울특별시,강남구,서울 강남구 개포동 141번지 개포주공1단지상가 가상가 101동 2호,both
183,개포동역점(올리브치킨),서울특별시,강남구,"서울특별시 강남구 개포로 512 (개포동, 개포종합상가 1층 108호",both
184,개포점,서울특별시,강남구,서울특별시 강남구 개포로 250 (개포동) ,both
185,대치도곡점,서울특별시,강남구,서울 강남구 대치1동 1023-19 1층,both
186,대치은마점,서울특별시,강남구,서울특별시 강남구 영동대로57길 16 ,both
187,대치점,서울특별시,강남구,서울 강남구 대치4동 923-4호 104호,both
188,삼성점,서울특별시,강남구,서울특별시 강남구 봉은사로61길 17 (삼성동) 1층(삼성동),both
189,압구정점(올리브치킨),서울특별시,강남구,"서울특별시 강남구 압구정로 309 B동 1층 110호(압구정동, 주구센터)",both
190,양재점,서울특별시,강남구,"서울 강남구 도곡1동 950-6, 102호",both
191,역삼점,서울특별시,강남구,서울 강남구 역삼동 836-26,both
192,일원삼성점,서울특별시,강남구,서울 강남구 수서동 747  삼성아파트상가,both
193,자곡행운점,서울특별시,강남구,"서울특별시 강남구 자곡로 191 (자곡동, 강남푸르지오 B05호",both
194,청담점,서울특별시,강남구,서울특별시 강남구 도산대로72길 28 (청담동) 지층(청담동),both
195,부산당감점,부산광역시,부산진구,부산광역시 부산진구 동평로 98 ,both
196,부산가야점,부산광역시,부산진구,부산 부산진구 개금동 523-19,both
197,부산개금점,부산광역시,부산진구,부산광역시 부산진구 개금본동로 77 (개금동) ,both
198,부산전포점(express),부산광역시,부산진구,부산 부산진구 전포동 202-25번지,both
199,부산초읍점,부산광역시,부산진구,부산 부산진구 연지동 375-14,both
200,신양정점,부산광역시,부산진구,부산광역시 부산진구 연수로 24 (양정동) 1층,both
201,부산마린시티점(프리미엄)(2명변),부산광역시,해운대구,"부산광역시 해운대구 마린시티3로 39 (우동, 카이저빌 101호",both
202,부산좌동신시가지점,부산광역시,해운대구,부산광역시 해운대구 대천로 104 (좌동) 102호,both
203,부산해운대센텀점,부산광역시,해운대구,"부산광역시 해운대구 센텀동로 123 (재송동, 센텀스타 ",both
204,부산해운대점,부산광역시,해운대구,부산 해운대구 우동 1340 2층,both
205,"부산해운대비치점(명변,치킨앤비어)",부산광역시,해운대구,부산 해운대구 중동 1417-2 씨스타지하1층,both
206,부산마리나점,부산광역시,해운대구,부산 해운대구 우동 993-4 대우마리나2차상가 106,both
207,부산반송점,부산광역시,해운대구,부산 해운대구 반송2동 886 삼한5차상가 105,both
208,부산반여점,부산광역시,해운대구,"부산광역시 해운대구 반여로 112-1 (반여동, 산봉빌딩 ",both
209,부산송정점,부산광역시,해운대구,"부산광역시 해운대구 송정중앙로 35 (송정동, 비비큐) ",both
210,부산재송역점,부산광역시,해운대구,부산광역시 해운대구 해운대로76번길 16 (재송동) ,both
211,부산재송점,부산광역시,해운대구,부산 해운대구 반여동 1291-1369 1층,both
212,부산좌동신도시점,부산광역시,해운대구,부산 해운대구 중동 181-1 롯데캐슬마스터2  301-108,both
213,부산좌동점,부산광역시,해운대구,부산 해운대구 좌동 1317번지 경동플러스상가 206호,both
214,해운대중동점,부산광역시,해운대구,"부산광역시 해운대구 좌동순환로433번길 30-3 (중동,  103호",both
215,삼성라이온즈파크점,대구광역시,수성구,대구광역시 수성구 야구전설로1 (연호동) 06호 1층,both
216,대구만촌점,대구광역시,수성구,대구 수성구 만촌3동 869-19,both
217,대구매호점,대구광역시,수성구,"대구광역시 수성구 천을로 181 (매호동, 협화아파트) 상가112동 101호",both
218,대구메트로점,대구광역시,수성구,대구광역시 수성구 만촌로 165 (만촌동) ,both
219,대구범물점,대구광역시,수성구,대구광역시 수성구 지범로 271-1 (범물동) 1층,both
220,대구범어점,대구광역시,수성구,대구 수성구 범어4동 330 장원상가 108동105호,both
221,대구수성동아점,대구광역시,수성구,대구광역시 수성구 지범로23길 49 (지산동) ,both
222,대구수성점,대구광역시,수성구,대구 수성구 수성4가 1146-9,both
223,대구수성행복점,대구광역시,수성구,대구 수성구 수성동2가 231-2,both
224,대구신매점,대구광역시,수성구,대구 수성구 신매동 586-4,both
225,대구중동점,대구광역시,수성구,대구 수성구 중동 412-1,both
226,대구파동점(올리브치킨),대구광역시,수성구,대구광역시 수성구 용학로 12-1 (파동) 1층,both
227,대구푸른마을점,대구광역시,수성구,대구 수성구 범어동 674-2,both
228,대구황금점(4),대구광역시,수성구,대구 수성구 황금동 202-3번지,both
229,두산위브제니스점,대구광역시,수성구,"대구광역시 수성구 달구벌대로 2435 (범어동, 두산위 301동 B103-1호",both
230,두산점,대구광역시,수성구,대구광역시 수성구 들안로14길 71 (두산동) ,both
231,지산행복점,대구광역시,수성구,대구광역시 수성구 지산로3길 69 (지산동) ,both
232,지산행복점,대구광역시,수성구,대구광역시 수성구 지산로3길 69 (지산동) ,both
233,삼송신원점,경기도,고양시,"경기도 고양시 덕양구 권율대로 907 (신원동, KN빌딩) 1층",both
234,일산라페스타점,경기도,고양시,"경기도 고양시 일산동구 무궁화로 20-18 (장항동, 하 1층 107호",both
235,강선점,경기도,고양시,경기 고양시 일산서구 주엽동 83 강선마을 상가동1층,both
236,고양관산동점,경기도,고양시,경기도 고양시 덕양구 통일로768번길 19 (관산동) 1층 104호,both
237,고양성사점,경기도,고양시,"경기도 고양시 덕양구 호국로 859 (성사동, 대림e편한 가동1층 107호(일부)",both
238,고양원당점(cafe),경기도,고양시,경기 고양시 덕양구 성사동 720-1번지,both
239,고양원흥점,경기도,고양시,경기도 고양시 덕양구 삼원로 102 (원흥동) 상가-105(원흥동),both
240,고양점,경기도,고양시,"경기도 고양시 덕양구 혜음로 103 (고양동, 신성프라 104호",both
241,고양행신가람점,경기도,고양시,경기도 고양시 덕양구 행신로 351-9 (행신동) 1층,both
242,무원점,경기도,고양시,경기 고양시 덕양구 행신동 720,both
243,백석2점,경기도,고양시,경기도 고양시 일산동구 중앙로 1123 흰돌마을2단지아 백상가동 1층 140호,both
244,샘터행복점,경기도,고양시,"경기도 고양시 덕양구 중앙로557번길 7-20 (행신동,  1층 103호",both
245,일산가좌점,경기도,고양시,경기 고양시 일산서구 가좌동 393-4 1층일부,both
246,일산대화마을점,경기도,고양시,"경기 고양시 일산서구 대화동 1~1994 1580, 한라아파트상가동 107~108호",both
247,일산문촌점,경기도,고양시,"경기 고양시 일산서구 주엽동 18번지 자유프라자 108,109호",both
248,일산백마점(Cafe),경기도,고양시,경기 고양시 일산동구 마두동 908 외1필 정발빌딩 1층 101호,both
249,일산백석역점(2),경기도,고양시,경기 고양시 일산동구 백석동 1318번지 일산비잔티움1단지상가 106호,both
250,일산백송점,경기도,고양시,"경기도 고양시 일산동구 백석로 177 101(백석동, 백송마을임광상가)",both
251,일산식사지구점,경기도,고양시,경기도 고양시 일산동구 위시티4로 79 위시티일산블루 203,both
252,일산원마운트점,경기도,고양시,"경기도 고양시 일산서구 한류월드로 300 (대화동,원마운트1층,1251호)",both
253,일산중산행운점,경기도,고양시,"경기도 고양시 일산동구 탄중로 426 (중산동, 중산마 중산동,중산마을1층",both
254,일산탄현점(1명변),경기도,고양시,경기 고양시 일산서구 탄현동 1491-5번지 1층,both
255,일산하늘마을점,경기도,고양시,"경기도 고양시 일산동구 하늘마을로 76  101(중산동,하늘마을제상가동)",both
256,일산후곡점,경기도,고양시,"경기도 고양시 일산서구 강선로 141 (일산동, 후곡마 후곡마을 16단지 아파트 상가 119호",both
257,햇빛점,경기도,고양시,경기 고양시 덕양구 행신동 948-1,both
258,화정별빛마을점,경기도,고양시,경기 고양시 덕양구 화정2동 946,both
259,화정점,경기도,고양시,경기 고양시 덕양구 화정동 900-14,both
260,후곡행복점,경기도,고양시,"경기도 고양시 일산서구 킨텍스로 458 (일산동, 후곡 102호(일산동,후곡마을 상가동)",both
261,서울대글로벌공학관점,서울특별시,관악구,"서울특별시 관악구 관악로 1 서울대학교 39-218(신림동,글로벌공학교육센터)",both
262,서울대캠퍼스점(cafe직영),서울특별시,관악구,서울 관악구 신림동 산 56-1 번지 서울대공과대학 해동관지하1층,both
263,낙성대점,서울특별시,관악구,서울 관악구 봉천11동 1640-8,both
264,보라매공원점,서울특별시,관악구,서울특별시 관악구 보라매로3길 3 (봉천동) ,both
265,신림5점,서울특별시,관악구,서울특별시 관악구 관천로11길 152 (신림동) ,both
266,신림신원점(cafe),서울특별시,관악구,서울 관악구 신림동 1636-35 영신상가,both
267,신림중앙점,서울특별시,관악구,"서울특별시 관악구 호암로24길 68 (신림동, 지하1층) ",both
268,행운점,서울특별시,관악구,"서울특별시 관악구 봉천로 567 (봉천동, 1층) ",both
269,사당역점,서울특별시,관악구,서울 관악구 남현동 1061-59,both
270,난곡점,서울특별시,관악구,서울 관악구 신림동 1738-1 파로스프라자 B동 제지1층 ,both
271,봉천쑥고개점,서울특별시,관악구,서울 관악구 봉천4동 1584-5번지,both
272,봉천우성점,서울특별시,관악구,서울 관악구 봉천동 36-10 ,both
273,봉천중앙점,서울특별시,관악구,서울 관악구 봉천2동 1703  동아A상가 1층  A동 104호,both
274,서울대점,서울특별시,관악구,서울 관악구 봉천7동 1609-5 1층,both
275,신림3점,서울특별시,관악구,"서울특별시 관악구 남부순환로143길 26 (신림동,1층) ",both
276,신림점,서울특별시,관악구,"서울특별시 관악구 신림로 122 (신림동,1층)",both
277,세종시1호점(P-cafe),세종특별자치시,세종시,"세종특별자치시 누리로 59 (한솔동, 첫마을5단지) 101,102호",both
278,세종도담점,세종특별자치시,세종시,"세종특별자치시 보듬3로 8-20 (도담동, 세종한신휴시 1층 128,129호",both
279,세종어진점,세종특별자치시,세종시,"세종특별자치시 도움8로 81(어진동, 세종일번가) 1동 A-203호",both
280,본스PC카페 세종점(e-cafe),세종특별자치시,세종시,세종특별자치시 조치원읍 행복11길 12 3층 301호,both
281,세종고운점,세종특별자치시,세종시,세종특별자치시 마음로 272-9 (고운동) 강남빌딩 109호,both
282,세종금남점,세종특별자치시,세종시,세종특별자치시 금남면 용포로 45 1층 103호,both
283,세종비즈니스센터점,세종특별자치시,세종시,"세종특별자치시 가름로 232 (어진동, 세종비즈니스센 A138호 A139",both
284,세종새롬점(올리브카페),세종특별자치시,세종시,"세종특별자치시 새롬중앙로 62-15 (새롬동, 해피라움W 1층 132,135호",both
285,세종소담점,세종특별자치시,세종시,"세종특별자치시 소담1로 12 (소담동, 지엘플렉스1) 1층 109호",both
286,세종시청점,세종특별자치시,세종시,"세종특별자치시 호려울로 29 (보람동, 세종시드니) 1층105호,106호",both
287,세종아름점,세종특별자치시,세종시,"세종특별자치시 달빛로 109 (아름동, 범지기마을4단지 412동 101, 101-1호",both
288,세종장군점,세종특별자치시,세종시,"세종특별자치시 장군면 장척로 569 1층 104,105호",both
289,세종종촌점,세종특별자치시,세종시,"세종특별자치시 도움3로 159 (종촌동, 가재마을3단지 1층 113호",both
290,연기보통점,세종특별자치시,세종시,세종특별자치시 연기면 공단로 180-40 (지하1층),both
291,조치원점,세종특별자치시,세종시,세종특별자치시 조치원읍 섭골길 20 1동 1층상가,both
292,송도라마다호텔BBQ타운점,인천광역시,연수구,"인천광역시 연수구 능허대로267번길 29 (동춘동) 106,107호",both
293,송도센트럴파크점,인천광역시,연수구,"인천광역시 연수구 컨벤시아대로42번길 61 (송도동,  817-104",both
294,인천연수스타점,인천광역시,연수구,"인천광역시 연수구 용담로118번길 21 (연수동, 미지프 연수동,미지프라임빌101호",both
295,인천옥련점,인천광역시,연수구,인천 연수구 옥련동 371 지상1층 101호,both
296,송도신도시점,인천광역시,연수구,"인천광역시 연수구 컨벤시아대로274번길 15 (송도동,  상가동 1층 2호",both
297,송도캠퍼스타운점,인천광역시,연수구,인천 연수구 송도동 149 C동 203호 ,both
298,인천동춘점,인천광역시,연수구,"인천광역시 연수구 앵고개로254번길 19-6 (동춘동, 1층일부(1호))",both
299,인천선학점,인천광역시,연수구,"인천광역시 연수구 선학로 101 (선학동, 뉴서울아파트 117호",both
300,인천연수점,인천광역시,연수구,인천 연수구 동춘동 925번지 한양1차상가 105호,both
301,순천신대점,전라남도,순천시,전라남도 순천시 해룡면 신대로 119 (1층),both
302,순천법원점(까페),전라남도,순천시,전남 순천시 왕지동 869-1,both
303,순천오천점,전라남도,순천시,전라남도 순천시 오천7길 28 (오천동) 1층 101호,both
304,전남남부점,전라남도,순천시,전남 순천시 장천동 85-81 101호(1층),both
305,전남순천금당점,전라남도,순천시,전남 순천시 해룡면 상삼리 614-4,both
306,전남순천연향2점,전라남도,순천시,전남 순천시 연향동 1613-2,both
307,전남연향점,전라남도,순천시,"전라남도 순천시 연향번영4길 30 (연향동, 좋은친구들 1층",both
308,전남조례점,전라남도,순천시,전라남도 순천시 봉화2길 71 (조례동),both
309,신공항점,인천광역시,중구,"인천광역시 중구 신도시남로141번길 5-12 (운서동, 화 1층 108호, 109호",both
310,영종하늘도시점,인천광역시,중구,"인천광역시 중구 하늘중앙로195번길 23 (중산동, 하늘 103호",both
311,영종행복점,인천광역시,중구,인천광역시 중구 넙디로 56 101호(운서동) ,both
312,아산탕정점,충청남도,아산시,충청남도 아산시 탕정면 탕정면로8번길 3-12 ,both
313,온양관광호텔점,충청남도,아산시,"충청남도 아산시 온천대로 1459 (온천동, 온양관광호 1층",both
314,아산청솔점,충청남도,아산시,충남 아산시 장존동 305-7 청솔아파트상가 203-1호,both
315,온양권곡점,충청남도,아산시,충남 아산시 권곡동 205-1 청솔아파트상가 106,both
316,충남온양본점,충청남도,아산시,충청남도 아산시 온중로54번길 7-4 ,both
317,충남둔포점,충청남도,아산시,충남 아산시 둔포면 둔포리 415-14,both
318,충남배방점,충청남도,아산시,충남 아산시 배방면 공수리 65-4,both
319,충남신창점,충청남도,아산시,충청남도 아산시 신창면 온천대로 820 ,both
320,충남아산인주점,충청남도,아산시,충남 아산시 인주면 밀두리 137-2,both
321,여주스타점,경기도,여주시,경기도 여주군 여주읍 세종로 145-7 ,both
322,여주현암점,경기도,여주시,"경기도 여주시 현암2길 10 (현암동) 1,2층",both
323,여주금사점,경기도,여주시,경기 여주군 금사면 이포리 185-25,both
324,여주대신점,경기도,여주시,경기도 여주시 대신면 여양로 1465-1 ,both
325,여주대점,경기도,여주시,경기도 여주군 여주읍 세종로 351-6 ,both
326,오창본점,충청북도,청주시,"충북 청원군 오창읍 과학산업2로 383, 1층",both
327,청주사천점,충청북도,청주시,충청북도 청주시 청원구 율천북로 53 (사천동) ,both
328,청주성안점,충청북도,청주시,충북 청주시 상당구 석교동 33-7 2층,both
329,청주성화점,충청북도,청주시,충청북도 청주시 서원구 장전로20번길 16 (성화동) 1층,both
330,청주성화점(cafe)(2),충청북도,청주시,충청북도 청주시 서원구 장전로20번길 16 (성화동) 1층,both
331,충북오송점,충청북도,청주시,"충청북도 청원군 오송읍 오송생명3로 87 모아미래도아 상가동 201,202호",both
332,청주모충점,충청북도,청주시,충청북도 청주시 흥덕구 모충로 79 (모충동) ,both
333,청주지웰시티몰점,충청북도,청주시,"충북 청주시 흥덕구 복대동 3379 신영지웰시티1차 상업시설 B26,B30",both
334,청원강내점,충청북도,청주시,충북 청원군 강내면 태성탑연로 448-32,both
335,청주금천점,충청북도,청주시,충북 청주시 상당구  금천동 303,both
336,청주복대점,충청북도,청주시,충북 청주시 흥덕구 복대동 2277번지,both
337,청주봉명점,충청북도,청주시,충청북도 청주시 흥덕구 1순환로512번길 39 (봉명동) 1층,both
338,청주분평점,충청북도,청주시,충북 청주시 흥덕구 분평동 1405,both
339,청주사직점,충청북도,청주시,충청북도 청주시 흥덕구 창직로29번길 30 (사창동) ,both
340,청주산남중앙점,충청북도,청주시,충청북도 청주시 서원구 두꺼비로45번길 18 (산남동) 1층 101호(산남푸르지오),both
341,청주율량점,충청북도,청주시,"충청북도 청주시 청원구 율봉로176번길 55 (율량동,  ",both
342,청주풍광점,충청북도,청주시,충청북도 청주시 흥덕구 풍산로47번길 57 (가경동) 1층,both
343,청주하복대점,충청북도,청주시,"충청북도 청주시 흥덕구 짐대로 6 (복대동, 벽산아파 101호",both
344,충북오창과학단지점,충청북도,청주시,충청북도 청주시 청원구 오창읍 구룡2길 67-3 ,both
345,충북옥산점,충청북도,청주시,충청북도 청원군 옥산면 청주역로 651-1 ,both
346,웅진플레이도시점,경기도,부천시,"경기도 부천시 원미구 조마루로 2 상동, 스포츠센타동1층 E102호,F106호 ",both
347,부천괴안역곡점,경기도,부천시,"경기 부천시 소사구 범안로 54, 그린홈프라자 204호",both
348,부천미리내점,경기도,부천시,"경기도 부천시 원미구 조마루로291번길 25 (중동, 센 117호",both
349,부천소사본점,경기도,부천시,경기도 부천시 소사구 소사로  211-2,both
350,부천송내점,경기도,부천시,경기도 부천시 소사구 성주로 112 송내동,both
351,부천시민회관점,경기도,부천시,경기 부천시 원미구 중동 792-2번지 1층,both
352,부천여월점,경기도,부천시,"경기도 부천시 오정구 성곡로 16번길 7, 다동 1층 1호",both
353,역곡역점,경기도,부천시,"경기도 부천시 원미구 부일로 702 (역곡동, 남영아파 상가동 105, 106호",both
354,부천상동2점(3),경기도,부천시,경기도 부천시 조마루로97번길 33-13 (상동) 1층,both
355,부천상동3점,경기도,부천시,경기 부천시 원미구 상동 534-9 모건시티 1층,both
356,부천상동점,경기도,부천시,경기 부천시 원미구 상1동 392번지 한아름상가 112호,both
357,부천심곡점,경기도,부천시,경기도 부천시 소사구 성주로 216 (심곡본동),both
358,부천약대점,경기도,부천시,경기 부천시 오정구 내동 31-28 효마을타운 101-101,both
359,부천역곡2점,경기도,부천시,경기 부천시 원미구 역곡동 411 동부센트레빌 3단지 제상가동 103,both
360,부천원종점,경기도,부천시,"경기 부천시 오정구 원종동 230-5 외1필지대창스페이스106,107호",both
361,부천원종초등점,경기도,부천시,"경기도 부천시 오정구 삼작로 400 (원종동, 원종시장) 127호(원종동,원종시장)",both
362,부천중동본점,경기도,부천시,경기 부천시 원미구 중동 1100 대원아파트상가동1층 107호,both
363,소사시온점,경기도,부천시,경기도 부천시 소사본동 409-1 (유성메트로) 1층 111호,both
364,원주무실스타점,강원도,원주시,강원도 원주시 봉바위길 60 1층,both
365,원주일산점,강원도,원주시,"강원도 원주시 천사로 175 (일산동,1층)",both
366,태장1동점,강원도,원주시,강원 원주시 태장동 126-10 ,both
367,문막점,강원도,원주시,강원 원주시 문막읍 동화리 1541,both
368,원주개운점,강원도,원주시,강원도 원주시 단구로 243 (단구동) ,both
369,원주관설점(BBQ+닭2),강원도,원주시,강원 원주시 관설동 1455-5번지 1층,both
370,원주구곡점,강원도,원주시,강원도 원주시  늘품로 45 늘품로 46,both
371,원주단계점,강원도,원주시,강원도 원주시 백간공원길 16-2 (단계동) 1층,both
372,원주명륜점(2),강원도,원주시,강원 원주시 명륜동 824-4번지,both
373,원주무실점,강원도,원주시,강원 원주시 무실동 1714번지 103호,both
374,원주봉산점,강원도,원주시,강원 원주시 봉산동 1048-3,both
375,원주우산점(Express)(2),강원도,원주시,강원도 원주시 우산로 45 (우산동) 지상1층,both
376,원주태장점,강원도,원주시,강원도 원주시 흥양로18번길 35 (태장동) 1층 101호,both
377,원주혁신도시점,강원도,원주시,"강원도 원주시 입춘로 73 (반곡동) 1층 108호(반곡동, 채움빌딩)",both
378,원주흥업점,강원도,원주시,강원도 원주시 흥업면 남원로 85 ,both
379,익산어양점(프리미엄)(명변),전라북도,익산시,"전라북도 익산시 무왕로19길 32 (어양동, 학원 및 소 1층",both
380,익산영등점,전라북도,익산시,"전라북도 익산시 고봉로32길 40 (영등동, 조이미용실) ",both
381,익산부송점,전라북도,익산시,전라북도 익산시 부송로 110 (부송동) 1층,both
382,웅포베어리버,전라북도,익산시,전북 익산시 웅포면 웅포리 172-9 3층,both
383,원광대점,전라북도,익산시,전라북도 익산시 익산대로 460 (신동) 1층 14호 원광대학교 학생회관,both
384,원광대점(올리브카페),전라북도,익산시,"전라북도 익산시 익산대로58길 23 (신동, 피플하우스) ",both
385,익산동산점,전라북도,익산시,"전라북도 익산시 서동로 126 (동산동, 탐나왕족발) ",both
386,익산모현점,전라북도,익산시,"전라북도 익산시 선화로6길 40-7 (모현동1가, 비젼빌 ",both
387,임실스타점,전라북도,임실군,전라북도 임실군 임실읍 호국로 1650 ,both
388,전남해남점,전라남도,해남군,전라남도 해남군 해남읍 북부순환로 204 ,both
389,종로본점,서울특별시,종로구,서울특별시 종로구 청계천로 81 (관철동),both
390,종로6가점(cafe),서울특별시,종로구,서울 종로구 종로6가 138-1번지,both
391,대학로점,서울특별시,종로구,서울 종로구 명륜동2가 22-2 도가빌딩 1층,both
392,경희궁자이점,서울특별시,종로구,서울 종로구 무악동 45-304,both
393,명륜점,서울특별시,종로구,서울 종로구 명륜3가 2~160 53 유림회관부속동1층 20,both
394,세검정점,서울특별시,종로구,서울 종로구 신영동 131-2,both
395,안국점,서울특별시,종로구,서울특별시 종로구 창덕궁길 84 (원서동) ,both
396,종로3가점,서울특별시,종로구,서울 종로구 낙원동 150-1 파고다빌딩 1층,both
397,창신점,서울특별시,종로구,서울 종로구 창신동 22-3 1층,both
398,효자점,서울특별시,종로구,서울 종로구 옥인동 92번지,both
399,진천점,충청북도,진천군,충청북도 진천군 진천읍 중앙동로 52-1 ,both
400,진천덕산점,충청북도,진천군,충북 진천군 덕산면 용몽리 588,both
401,진천이월점,충청북도,진천군,충북 진천군 이월면 송림리 441-39,both
402,청원부용점(펀앤정),충청북도,진천군,충청북도 진천군 덕산면 초금로 753 ,both
403,충북광혜원점,충청북도,진천군,충북 진천군 광혜원면 광혜원리 419~650 529-65,both
404,진해용원점,경상남도,창원시,"경상남도 창원시 진해구 용원서로 38 용원동,송해빌딩105호106호",both
405,마산양덕점,경상남도,창원시,"경상남도 창원시 마산회원구 산호천동길 94 (양덕동,  ",both
406,창원봉곡점,경상남도,창원시,경상남도 창원시 의창구 원이대로279번길 17 (봉곡동) 1층,both
407,창원북면점,경상남도,창원시,경상남도 창원시 의창구 북면 천주로577번길 25  106(1층),both
408,창원상남스타점(치킨앤비어),경상남도,창원시,"경상남도 창원시 성산구 중앙대로 90 (상남동, 디아트 1층 105호",both
409,마산구암점,경상남도,창원시,경남 창원시 마산회원구 구암동 19-35번지,both
410,마산삼계점,경상남도,창원시,"경남 마산시 내서읍 삼계리 21 현대아파트상가102,103호",both
411,마산석전점,경상남도,창원시,경상남도 창원시 마산회원구 석전남8길 72 ,both
412,마산월영점,경상남도,창원시,경상남도 창원시 마산합포구 월영마을로 29 동아2차아 202,both
413,마산창동점,경상남도,창원시,경상남도 창원시 마산합포구 동서동3길 39 (신포동1가 ,both
414,마산호계점,경상남도,창원시,경남 마산시 내서읍 호계리 72-1 지팝프라자106호 107,both
415,진해자은점,경상남도,창원시,경남 진해시 자은동 911 성원아파트상가 105,both
416,진해자은점(N)(express)(2),경상남도,창원시,"경상남도 창원시 진해구 냉천로 106 (자은동, 성원아 상가동 105호",both
417,진해제덕점,경상남도,창원시,경상남도 창원시 진해구 제덕로179번길 7 3동 1층,both
418,진해풍호점,경상남도,창원시,경남 창원시 진해구 풍호동 305-8 마린푸르지오 상가 ,both
419,창원남양점,경상남도,창원시,경상남도 창원시 성산구 가양로 90 (남양동) 1층,both
420,창원내동점,경상남도,창원시,경남 창원시 내동 454-5 엑스포상가 108호,both
421,창원대방점,경상남도,창원시,경남 창원시 성산구 대방동 331~360 355 성원3차상가1층131호,both
422,창원도계점,경상남도,창원시,"경상남도 창원시 의창구 도계로60번길 7 (도계동, 트 ",both
423,창원반송점,경상남도,창원시,경남 창원시 성산구 반림동 41 2층 208호,both
424,창원사파점,경상남도,창원시,경남 창원시 사파동 137-1 1층,both
425,창원상남점,경상남도,창원시,경남 창원시 상남동 49-1 명성상가 102,both
426,창원상남점(express)(4),경상남도,창원시,"경상남도 창원시 성산구 동산로72번길 16 (상남동, 명 1층 103호",both
427,창원시티7점,경상남도,창원시,"경상남도 창원시 의창구 원이대로 332 (대원동, 더시 상업시설동1층 G-125호",both
428,창원신촌점,경상남도,창원시,경남 창원시 신촌동 22-1 양곡상가 가동 101-2호,both
429,창원용호점,경상남도,창원시,경상남도 창원시 의창구 창이대로478번길 16-21 (용호동),both
430,창원이동점,경상남도,창원시,"경상남도 창원시 진해구 해원로 34 (이동, 예일빌딩) 102호",both
431,창원중앙점,경상남도,창원시,"경상남도 창원시 성산구 용지로121번길 8 (중앙동, 옥 1층",both
432,창원팔용점,경상남도,창원시,경상남도 창원시 의창구 사화로 62 (팔용동) 1층,both
433,첨단신용점(프리미엄직영),광주광역시,북구,광주광역시 북구 첨단연신로107번길 5 (신용동) ,both
434,광주첨단2지구점,광주광역시,북구,"광주광역시 북구 첨단연신로 250 (신용동, 첨단휴먼시 신용동,휴먼시아상가동2층203호",both
435,광주매곡점,광주광역시,북구,광주광역시 북구 서하로 96 (매곡동) 1층,both
436,광주용두점,광주광역시,북구,광주 북구 양산동 910,both
437,광주용봉비엔날레점(cafe),광주광역시,북구,광주 북구 용봉동 1091-4번지 엠타워 103호,both
438,광주운암점(Cafe),광주광역시,북구,광주 북구 운암동 959-2 1층,both
439,광주일곡점,광주광역시,북구,광주광역시 북구 송해로 72 (일곡동) ,both
440,동림점,광주광역시,북구,광주 북구 동림동 645번지 삼익상가,both
441,두암사랑점(cafe),광주광역시,북구,"광주광역시 북구 삼정로 143 (두암동, 송산아파트) 102",both
442,문흥지구점,광주광역시,북구,"광주광역시 북구 천지인로173번길 28 (문흥동, 광명아 상가A동 108호",both
443,전남대정문점,광주광역시,북구,광주광역시 북구 자미로66번길 8 (신안동) 1층,both
444,통일스타점,경기도,안양시,경기도 안양시 동안구 평촌대로427번길 60-8 (비산동) ,both
445,범계점,경기도,안양시,경기 안양시 동안구 호계동 1047-3 성보빌딩 103호,both
446,석수역점,경기도,안양시,"경기도 안양시 만안구 연현로 103 1층 107호 (석수동,석수두산위브상가)",both
447,안양코암호텔점,경기도,안양시,경기 안양시 만안구 안양동 431-10,both
448,호계점(치킨&비어)(2)(명변),경기도,안양시,"경기도 안양시 동안구 엘에스로 45 (호계동, 대영골든 ",both
449,안양4점,경기도,안양시,경기도 안양시 만안구 냉천로 161 (안양동) ,both
450,안양관양점,경기도,안양시,경기 안양시 동안구 관양동 1387-23 지상1층,both
451,안양덕천점,경기도,안양시,경기 안양시 만안구 안양동 1380 주공뜨란채상가 106호,both
452,안양비산중앙점,경기도,안양시,경기 안양시 동안구 비산1동 497-1번지 1층,both
453,안양석수점(3)(명변2),경기도,안양시,경기 안양시 만안구 석수2동 294~314 304-23,both
454,안양예술공원점,경기도,안양시,경기도 안양시 만안구 예술공원로 73 (안양동) 1층,both
455,안양인덕원점,경기도,안양시,경기 안양시 동안구 관양동 1508-5,both
456,안양충훈본점,경기도,안양시,경기 안양시 만안구 석수3동 764-4번지 1층101호,both
457,안양평촌1점,경기도,안양시,경기 안양시 동안구 평촌동 897-5번지,both
458,안양평촌향촌점,경기도,안양시,경기 안양시 동안구 평촌동 341-1,both
459,안양호계점,경기도,안양시,경기 안양시 동안구 호계동 990-4 1층,both
460,호계플라자,경기도,안양시,경기 안양시 동안구 호계동 933-25,both
461,파주금촌로데오점,경기도,파주시,"경기도 파주시 금빛로 24-9 (금촌동,조인원프라자2층 202호)",both
462,금촌새말행운점,경기도,파주시,경기도 파주시 정담길 30 (아동동) 106호,both
463,파주봉일천점,경기도,파주시,경기도 파주시 조리읍 봉천로 37-14 ,both
464,파주LCD점,경기도,파주시,경기도 파주시 월롱면 엘씨디로241번길 8-19 2층 201호,both
465,광탄점,경기도,파주시,경기 파주시 광탄면 신산리 358-17,both
466,교하신도시점,경기도,파주시,"경기도 파주시 책향기로 439 (동패동, 책향기마을동문 204호",both
467,금촌점,경기도,파주시,경기도 파주시 금정16길 6 (금촌동) 73-19,both
468,문산행복점,경기도,파주시,경기도 파주시 문산읍 당동1로 52 ,both
469,선유리점,경기도,파주시,경기도 파주시 문산읍 사임당로 44 선유프라자나동2호,both
470,운정2점,경기도,파주시,"경기도 파주시 청암로 14 (목동동, 산내마을8단지) ",both
471,운정스타점,경기도,파주시,경기도 파주시 가람로51번길 16-33 (와동동) ,both
472,운정한울점,경기도,파주시,"경기도 파주시 한울로 102 (동패동, 한울마을6단지 상 103호",both
473,적성점(3명변),경기도,파주시,경기 파주시 적성면 마지리 46-6번지,both
474,파주문산점,경기도,파주시,경기도 파주시 문산읍 독산로 41-1 1층,both
475,파주야당점,경기도,파주시,경기도 파주시 경의로 1070 (야당동) ,both
476,파주운정점,경기도,파주시,"경기도 파주시 미래로 562 (와동동, 가람마을9단지남 ",both
477,파주LCD점,경기도,파주시,경기 파주시 탄현면 금승리 11번지 102호,both
478,패밀리타운점,서울특별시,송파구,서울 송파구 문정동 150-25호 1층,both
479,잠실엘스점,서울특별시,송파구,"서울특별시 송파구 올림픽로 119 , 172(잠실동,지하1층)",both
480,송파법조타운점(2)(치킨앤비어),서울특별시,송파구,"서울특별시 송파구 법원로 114 (문정동, 엠스테이트) C동 225호",both
481,가락2점,서울특별시,송파구,서울 송파구 가락2동 190-7번지  1층,both
482,가락점,서울특별시,송파구,서울 송파구 가락동 90-3,both
483,거여점,서울특별시,송파구,서울 송파구 거여동 343-4 송파공고옆,both
484,기타(쇼핑몰),서울특별시,송파구,"서울특별시 송파구 중대로 64 (문정동, 진현빌딩) ",both
485,마천점,서울특별시,송파구,서울 송파구 마천동 183-47 상가 1층 101호,both
486,문정점,서울특별시,송파구,서울 송파구 문정동 39-1,both
487,방이점,서울특별시,송파구,"서울 송파구 방이동 126-13, 1층 (가락로36길 6, 방이동)",both
488,석촌2점,서울특별시,송파구,서울 송파구 석촌동 156-6,both
489,송파삼전점,서울특별시,송파구,"서울특별시 송파구 백제고분로28길 8 (삼전동,한양빌딩1층)",both
490,송파점,서울특별시,송파구,서울 송파구 송파동 100-1 1층,both
491,오금점,서울특별시,송파구,"서울특별시 송파구 위례성대로20길 8 (오금동, 광승빌 1층",both
492,잠실선수촌점,서울특별시,송파구,서울 송파구 잠실본동 313-9번지 1층,both
493,잠실스타점,서울특별시,송파구,서울 송파구 신천동 11 장미씨상가동1층 112호,both
494,잠실신천점,서울특별시,송파구,서울 송파구 잠실본동 233 번지  1층,both
495,잠실파크리오점,서울특별시,송파구,서울 송파구 신천동 20-6 파크리오B상가 1층 105,both
496,파인타운점,서울특별시,송파구,"서울특별시 송파구 새말로6길 49 (문정동, 석재빌) 1층",both
497,평택스타점,경기도,평택시,경기도 평택시 자유로 2 (평택동),both
498,안중점,경기도,평택시,경기도 평택시 안중읍 안현로서9길 161 102(정동빌딩),both
499,평택서정점,경기도,평택시,경기도 평택시 특구로27번길 25 (서정동),both
500,비전중앙점,경기도,평택시,경기 평택시 비전동 764-7 1층,both
501,송탄금호점,경기도,평택시,경기도 평택시 서정북로 87 (서정동) ,both
502,평택고덕태평점,경기도,평택시,경기 평택시 고덕면 궁리 72-1번지 외 1필지,both
503,평택동삭점,경기도,평택시,경기도 평택시 서재로 43 (동삭동) 101호,both
504,평택세교점(cafe),경기도,평택시,경기 평택시 세교동 567-16번지,both
505,평택용이점,경기도,평택시,경기 평택시 용이동 464-6 101호 ,both
506,평택이충점,경기도,평택시,경기도 평택시 추담로 58-78 (장안동) 2동 2층 202호,both
507,평택칠원점,경기도,평택시,경기 평택시 칠원동 39-9,both
508,평택팽성점,경기도,평택시,경기도 평택시 팽성읍 부용로 31 1층 101호(국제빌딩),both
509,평택포승점,경기도,평택시,경기도 평택시 포승읍 포승공단순환로 403 삼부르네상 상가-110,both
510,포천송우행운점,경기도,포천시,경기도 포천시 소흘읍 솔모루로 40 ,both
511,포천중앙점,경기도,포천시,"경기 포천시 신읍동 191-35,37,38",both
512,송우점,경기도,포천시,경기 포천시 소흘읍 송우리 726-15번지 ,both
513,포천가산점,경기도,포천시,경기도 포천시 가산면 선마로 238 ,both
514,포천경복대점,경기도,포천시,경기도 포천시 신북면 신평로 168 ,both
515,포천관인점,경기도,포천시,경기도 포천시 관인면 탄동1길 8 ,both
516,포천운천점(올리브카페),경기도,포천시,경기도 포천시 영북면 운천로9번길 5 1층,both
517,포천이동점(펀&정),경기도,포천시,경기 포천시 이동면 장암리 510-1번지,both
518,포천일동점,경기도,포천시,경기 포천시 일동면 기산리 91-151,both
519,합정스타점,서울특별시,마포구,"서울특별시 마포구 양화로8길 5 (서교동,소천빌딩1층)",both
520,마포공덕점,서울특별시,마포구,"서울특별시 마포구 마포대로 156 (공덕동, 공덕푸르지 ",both
521,마포도화점,서울특별시,마포구,서울 마포구 도화동 7-20,both
522,마포용강점,서울특별시,마포구,서울 마포구 대흥동 541-1 1층,both
523,만리점,서울특별시,마포구,서울 마포구 공덕동 7-249,both
524,망원점,서울특별시,마포구,서울 마포구 망원동 475-35 ,both
525,상암점,서울특별시,마포구,서울 마포구 상암동 1000~1599 1462번지,both
526,서교점(cafe)(2),서울특별시,마포구,서울특별시 마포구 월드컵북로5길 22 (서교동) 1층,both
527,성산점,서울특별시,마포구,"서울특별시 마포구 월드컵로32길 35 (성산동) 101(성산동,1층)",both
528,창전점,서울특별시,마포구,"서울특별시 마포구 서강로14길 5 (노고산동,1층)",both
529,홍대역점,서울특별시,마포구,서울 마포구 동교동 147-4 1층,both
530,향남스타점,경기도,화성시,"경기도 화성시 향남읍 발안로 116 , 204(중앙프라자)",both
531,동탄시범단지점,경기도,화성시,"경기도 화성시 동탄반송3길 46-2 (반송동) 101,102호",both
532,병점2점,경기도,화성시,경기도 화성시 병점중앙로 195 (진안동) ,both
533,동탄산업단지점,경기도,화성시,경기도 화성시 동탄면 동탄기흥로 147-13 205호(센터프라자),both
534,경기사강점,경기도,화성시,경기도 화성시 송산면 사강로 159 106호~107호,both
535,동탄능동점,경기도,화성시,경기 화성시 능동 1116번지 광명메이루즈상가 1층,both
536,동탄솔빛나루점,경기도,화성시,경기도 화성시 동탄반석로 99 (반송동) 106호,both
537,동탄청계점(express)(3),경기도,화성시,"경기도 화성시 동탄대로시범길 122 (청계동, 시범호반 상가동 108호",both
538,동탄푸른숲속점,경기도,화성시,"경기도 화성시 10용사로 349-11 (능동, 위너스프라자) 112",both
539,병점1점,경기도,화성시,경기 화성시 병점동 407-4 창명빌딩 107호,both
540,봉담행복점(cafe),경기도,화성시,경기 화성시 봉담읍 상리 21-3번지,both
541,수원신영통점,경기도,화성시,경기 화성시 반월동 신영통현대3차아파트 (301~311동) 3단지 상가 110호,both
542,수원조암점,경기도,화성시,경기 화성시 우정읍 조암리 217-14번지,both
543,와우리점,경기도,화성시,"경기도 화성시 효행로 229-9 (기안동) 기안동, 광도와이드빌상가 102호",both
544,정남점,경기도,화성시,경기 화성시 정남면 괘랑리 1051-1 번지,both
545,향남부영점,경기도,화성시,경기도 화성시 향남읍 하길로 70 (오색마을 사랑으로 상가동 103호,both
546,가양점,서울특별시,강서구,"서울특별시 강서구 강서로 497 (가양동, 학원빌딩) 1층",both
547,방화역점,서울특별시,강서구,"서울특별시 강서구 금낭화로 287-50 (방화동,오피앙2오피스텔111호~112호)",both
548,신방화점,서울특별시,강서구,서울 강서구 방화동 187-45 1층,both
549,강서2점,서울특별시,강서구,서울 강서구 등촌1동 654-77,both
550,개화산점,서울특별시,강서구,서울특별시 강서구 초원로 47 방화동 1층1호,both
551,공항점,서울특별시,강서구,서울 강서구 공항동 41-44번지,both
552,까치산점,서울특별시,강서구,서울 강서구 화곡8동 332-12,both
553,등촌3점,서울특별시,강서구,"서울특별시 강서구 강서로68길 36 (등촌동, 등촌주공1 105",both
554,마곡점,서울특별시,강서구,"서울특별시 강서구 마곡동로 61 (마곡동, 에이스프라 1층 102호",both
555,발산점,서울특별시,강서구,서울특별시 강서구 강서로47길 46 (내발산동) 1층,both
556,방화점(2),서울특별시,강서구,서울 강서구 방화동 260-40 번지,both
557,염창점,서울특별시,강서구,서울특별시 강서구 양천로 623 (염창동) 1층,both
558,화곡1점,서울특별시,강서구,서울 강서구 화곡1동 358-10 ,both
559,화곡2점,서울특별시,강서구,서울 강서구 화곡4동 772-63,both
560,화곡5점,서울특별시,강서구,서울 강서구 화곡6동 976-1,both
561,가평점,경기도,가평군,경기도 가평군 가평읍 보납로6번길 5 1층,both
562,가평북면점,경기도,가평군,경기도 가평군 북면 화악산로 18 1층,both
563,가평설악점,경기도,가평군,경기 가평군 설악면 신천리 462-14,both
564,가평청평점(펀&정2),경기도,가평군,경기 가평군 청평면 청평리 413-16외1필지,both
565,강화점,인천광역시,강화군,인천광역시 강화군 강화읍 강화대로 358 (전원표구화 ,both
566,강화세광점,인천광역시,강화군,인천 강화군 선원면 창리 642-1,both
567,거제아주점(Cafe),경상남도,거제시,경상남도 거제시 아주1로1길 42-1 (아주동) 1층,both
568,거제옥포점,경상남도,거제시,경상남도 거제시 성산로1길 2 (옥포동) 1층,both
569,거제삼성점,경상남도,거제시,"경상남도 거제시 장평4로 57 (장평동, 그린피아) 101호",both
570,거제고현점,경상남도,거제시,경남 거제시 고현동 1035-6,both
571,거제상동점,경상남도,거제시,경남 거제시 상동동 931-18 상가동 102호 ,both
572,거제수양점(올리브카페),경상남도,거제시,경상남도 거제시 수양로 432 (수월동) ,both
573,거제장승포점,경상남도,거제시,"경상남도 거제시 장승로 168 (장승포동, 효은빌딩) (장승포동,외1필지(1층))",both
574,거제중곡수월점,경상남도,거제시,경상남도 거제시 중곡로1길 28-4 (고현동) 1층(고현동),both
575,아쿠아리우스리조트점,경상남도,거제시,경상남도 거제시 사등면 거제대로 5697-6 (유원빌리지 ,both
576,경남산청점,경상남도,산청군,경상남도 산청군 산청읍 웅석봉로 38-1 ,both
577,경남산청점(4),경상남도,산청군,경상남도 산청군 산청읍 웅석봉로 38-1 ,both
578,경남원지점,경상남도,산청군,경남 산청군 신안면 하정리 929-2,both
579,경남진영2점(cafe),경상남도,김해시,경남 김해시 진영읍 여래리 700-187번지,both
580,김해삼계점,경상남도,김해시,경상남도 김해시 해반천로168번길 26-18 (삼계동) ,both
581,김해아이스퀘어점,경상남도,김해시,경상남도 김해시 김해대로 2342 (부원동) A116호(부원역푸르지오아이스퀘어몰),both
582,김해외동점,경상남도,김해시,경남 김해시 외동 1187-13 ,both
583,김해관동점,경상남도,김해시,경남 김해시 관동동 444-4 중원프라자 104호 ,both
584,김해대성점,경상남도,김해시,경남 김해시 대성동 148-3,both
585,김해삼문점,경상남도,김해시,경남 김해시 장유면 삼문리 대동피렌체상가,both
586,김해삼방점,경상남도,김해시,경상남도 김해시 삼안로 136-1 (삼방동) 1층 ,both
587,김해어방점,경상남도,김해시,경남 김해시 어방동 503-6,both
588,김해율하점,경상남도,김해시,경상남도 김해시 율하2로 115번길 13 (관동동) 1층 110호,both
589,김해장유점,경상남도,김해시,경남 김해시 장유면 부곡리 805-4 104호,both
590,경남하동점,경상남도,하동군,경상남도 하동군 하동읍 경서대로 156 ,both
591,경남진교점,경상남도,하동군,경남 하동군 진교면 진교리 426-77,both
592,경남함안점,경상남도,함안군,경남 함안군 가야읍 말산리 487-5,both
593,경남칠원점,경상남도,함안군,경남 함안군 칠원면 용산리 39-2,both
594,함안군북점(명변),경상남도,함안군,경상남도 함안군 군북면 중암10길 20 ,both
595,경북영주가흥점,경상북도,영주시,경상북도 영주시 대학로 207 (가흥동) 101호,both
596,경북영주점,경상북도,영주시,"경상북도 영주시 선비로 206-1 (영주동, 호산나음악학 bbq올리브카페",both
597,경북영주휴천점,경상북도,영주시,경북 영주시 조암동 1187-35,both
598,경북풍기점,경상북도,영주시,경북 영주시 풍기읍 성내3리 48-2,both
599,경주안강우방점,경상북도,경주시,경상북도 경주시 안강읍 구부랑4길 14-19 ,both
600,경주건천점,경상북도,경주시,경상북도 경주시 건천읍 대경로 3977 ,both
601,경주나아점,경상북도,경주시,경상북도 경주시 양남면 나아5길 10-5 ,both
602,경주동천점,경상북도,경주시,경북 경주시 동천동 817-3,both
603,경주불국사점,경상북도,경주시,경북 경주시 진현동 611-114,both
604,경주성건점,경상북도,경주시,경상북도 경주시 금성로 385 (성건동) ,both
605,경주외동점,경상북도,경주시,경북 경주시 외동읍 입실1리 1016-8,both
606,경주용강점,경상북도,경주시,"경상북도 경주시 다불로 49 (용강동, 삼환나우빌) ,5(용강동,삼환나우빌상가)",both
607,경주충효이안점(올리브카페),경상북도,경주시,경상북도 경주시 충효천길 263-10 (충효동) 1층,both
608,경주충효점,경상북도,경주시,경북 경주시 충효동 2992-3 진성빌라상가 102호,both
609,경주황성2호점(올리브카페),경상북도,경주시,경상북도 경주시 용담로116번길(황성동) ,both
610,경주황성점,경상북도,경주시,경북 경주시 황성동 277-4,both
611,계양구청점,인천광역시,계양구,"인천광역시 계양구 오조산로45번길 11 (계산동, 한빛 ",both
612,계산역점,인천광역시,계양구,인천광역시 계양구 경명대로 1091 (계산동) 에이동 1층,both
613,인천계산3점,인천광역시,계양구,인천 계양구 계산2동 916-5,both
614,인천계산점,인천광역시,계양구,인천광역시 계양구 용종로 2 ,both
615,인천동양점,인천광역시,계양구,"인천광역시 계양구 당미길 43 (동양동, 외 13필지 동 ",both
616,인천작전2점,인천광역시,계양구,인천 계양구 작전동 64-1 삼보아파트상가 A-106,both
617,인천작전역점,인천광역시,계양구,인천 계양구 작전동 871-60 1층 4호,both
618,인천효성점,인천광역시,계양구,"인천광역시 계양구 효서로 182 (효성동, 풍림아파트) 상가동 106호",both
619,과천점,경기도,과천시,경기 과천시 별양동 1-3  제일상가 2층 204호,both
620,과천부림점,경기도,과천시,경기 과천시 부림동 20-1 일반상가 6호,both
621,광명철산푸르지오,경기도,광명시,"경기도 광명시 디지털로 24 (철산동, 철산푸르지오하 113동B125호",both
622,광명소하점,경기도,광명시,경기도 광명시 성채로50번길 9-12 101 (소하동),both
623,광명하안점,경기도,광명시,"경기도 광명시 가림로 54-11 (하안동, 하안주공아파트 일반상가 107호)",both
624,광명본점,경기도,광명시,경기 광명시 광명7동 720-5   1층,both
625,광명소하점,경기도,광명시,경기 광명시 소하동 1323-1 103,both
626,광명역점(올리브치킨),경기도,광명시,경기도 광명시 일직로12번길 11 (일직동) 1층 4호,both
627,광명철산점,경기도,광명시,경기 광명시 철산동 241-2 바상가106호,both
628,광명하안중앙점(4),경기도,광명시,"경기도 광명시 하안로 293-10 (하안동, 정산빌딩) ",both
629,철산본점,경기도,광명시,"경기도 광명시 시청로 124 ,103(철산동1층)",both
630,구미석적점,경상북도,칠곡군,경상북도 칠곡군 석적읍 동중리1길 11 ,both
631,경북북삼로뎀점,경상북도,칠곡군,경상북도 칠곡군 북삼읍 북삼로 11 11길 8,both
632,왜관점,경상북도,칠곡군,경상북도 칠곡군 왜관읍 구상길 197 ,both
633,금천시흥스타점,서울특별시,금천구,서울특별시 금천구 독산로40길 13 (시흥동) ,both
634,독산행복점,서울특별시,금천구,"서울특별시 금천구 범안로 1193 (독산동, 가남물산제1 1층",both
635,가산점,서울특별시,금천구,서울 금천구 가산동  152-16,both
636,광명하안3점(8),서울특별시,금천구,서울 금천구 독산동 1100-3번지,both
637,독산시흥본점,서울특별시,금천구,서울 금천구 독산동 1077-37  1층,both
638,시흥본점,서울특별시,금천구,"서울특별시 금천구 시흥대로 150 (시흥동,지상1층)",both
639,김포구래점,경기도,김포시,경기 김포시 구래동 6883-11 애플상가 105호 ,both
640,장기수변점,경기도,김포시,"경기도 김포시 김포한강2로23번길 10 (장기동, 라베니 1층 121호 122호",both
641,장기수변점2호점(분점),경기도,김포시,"경기도 김포시 김포한강2로 23번길 10, B118호 (장기 ",both
642,김포대곶점,경기도,김포시,경기 김포시 대곶면 거물대리 409-9,both
643,김포마산점(올리브치킨),경기도,김포시,"경기 김포시 마산동 김포한강8로 165,108호",both
644,김포마송점,경기도,김포시,경기 김포시 통진읍 서암리 714-43,both
645,김포사우점,경기도,김포시,"경기도 김포시 사우중로74번길 39 (사우동, 다이안월 102호",both
646,김포양곡행운점,경기도,김포시,경기도 김포시 양촌읍 양곡2로 5-6 ,both
647,김포운양행복점,경기도,김포시,경기도 김포시 김포한강1로 227 (운양동) 101호(광장프라자1동),both
648,김포월곶점,경기도,김포시,경기도 김포시 월곶면 애기봉로 16 (1층),both
649,김포장기점,경기도,김포시,경기 김포시 장기동 1421,both
650,김포풍무점,경기도,김포시,"경기도 김포시 풍무로96번길 40 (풍무동, 풍무자이아 풍무자이1단지B04호",both
651,김포하성점(올리브카페),경기도,김포시,경기도 김포시 하성면 하성로 490 ,both
652,김포학운점,경기도,김포시,경기도 김포시 양촌읍 황금로48번길 5-11 ,both
653,북변감정점,경기도,김포시,경기도 김포시 봉화로167번길 10 (감정동) ,both
654,한강센트럴자이점(올리브카페),경기도,김포시,"경기도 김포시 태장로 845 (장기동, 한강센트럴자이1 101호",both
655,남원점,전라북도,남원시,전북 남원시 향교동 1049-4,both
656,노량진점,서울특별시,동작구,"서울특별시 동작구 노량진로8길 53 (노량진동, 토끼바 ",both
657,사당점,서울특별시,동작구,서울특별시 동작구 동작대로9길 7 (사당동) 1층 (사당동),both
658,상도2점,서울특별시,동작구,서울 동작구 상도동 17-62,both
659,상도점,서울특별시,동작구,서울특별시 동작구 양녕로 184 (상도동) 1층,both
660,숭실대점,서울특별시,동작구,서울 동작구 상도1동 347,both
661,시즌아이PC방숭실대(취급),서울특별시,동작구,서울특별시 동작구 상도로61길 40 (상도동) 3층 ,both
662,신대방1점(3명변),서울특별시,동작구,서울 동작구 신대방동 605-11,both
663,총신대점,서울특별시,동작구,서울 동작구 사당5동 217-2번지,both
664,흑석점,서울특별시,동작구,서울 동작구 흑석동 86-103호,both
665,다사강정보점,대구광역시,달성군,대구 달성군 다사읍 죽곡리 809-2,both
666,서재세천점,대구광역시,달성군,대구광역시 달성군 다사읍 세천북로 28-1 1층 101호,both
667,대구다사죽곡점,대구광역시,달성군,대구광역시 달성군 다사읍 대실역북로 70-1 ,both
668,대구천내점,대구광역시,달성군,대구 달성군 화원읍 천내리 54-1번지,both
669,옥포점,대구광역시,달성군,대구광역시 달성군 옥포면 돌미상업로1길 25 ,both
670,옥포점,대구광역시,달성군,대구광역시 달성군 옥포면 돌미상업로1길 25 103호,both
671,현풍테크노폴리스점,대구광역시,달성군,대구광역시 달성군 유가면 현풍로47길 5 ,both
672,당산행운점,서울특별시,영등포구,"서울특별시 영등포구 양산로 128 (당산동1가, 환희빌 ",both
673,대림점(cafe)(2),서울특별시,영등포구,"서울특별시 영등포구 대림로 191 (대림동, 유림빌딩) 1층",both
674,신길사러가점,서울특별시,영등포구,"서울특별시 영등포구 신길로39길 4,(신길동, 지상1층) 1층",both
675,영등포본점,서울특별시,영등포구,서울특별시 영등포구 영중로 65 (영등포동6가) ,both
676,영등포점,서울특별시,영등포구,서울 영등포구 영등포동8가 75-6,both
677,영등포중앙점,서울특별시,영등포구,서울 영등포구 영등포동3가 7-25 델리타운 101,both
678,여의도역아일렉스점,서울특별시,영등포구,"서울특별시 영등포구 의사당대로 108 (여의도동, 아일 지하1층 F01호",both
679,여의도점,서울특별시,영등포구,서울 영등포구 여의도동 26 S-TRENUE 지하B103호,both
680,당산역점,서울특별시,영등포구,"서울특별시 영등포구 당산로45길 1 (당산동5가, 당산  105호",both
681,대방점(7),서울특별시,영등포구,서울 영등포구 신길동 4027,both
682,문래점,서울특별시,영등포구,서울 영등포구 문래동6가 8번지   그대가상가 102호,both
683,시랄라워터파크점(특화)(사변),서울특별시,영등포구,"서울특별시 영등포구 문래로 164 (문래동3가, 영등포  제비 201호, 제비 202호",both
684,신길점,서울특별시,영등포구,서울 영등포구 신길1동 463-36,both
685,여의도역점,서울특별시,영등포구,서울 영등포구 여의도동 35-2 백상빌딩 101호,both
686,여의도점,서울특별시,영등포구,"서울특별시 영등포구 국제금융로7길 32 (여의도동,1층3호)",both
687,대구대봉점(치킨앤비어),대구광역시,중구,"대구광역시 중구 대봉로 223 (대봉동, 태양약국) 1층",both
688,대구남산대신점,대구광역시,중구,대구 중구 남산4동 2937-1 남산그린타운 101동1호,both
689,대구중구점,대구광역시,중구,대구 중구 수창동 153 ,both
690,대구무태점,대구광역시,북구,대구 북구 동변동 669-1 ,both
691,금호행복점,대구광역시,북구,대구광역시 북구 한강로8길 13-9 (금호동) 1층 104호,both
692,대구구암점,대구광역시,북구,대구 북구 구암동 692-13,both
693,대구대현복현사랑점,대구광역시,북구,대구 북구 복현1동 421-1번지,both
694,대구동천점,대구광역시,북구,대구 북구 동천동 944-6,both
695,대구매천점,대구광역시,북구,대구 북구 매천동 매천택지개발사업지구 20블록 5로트,both
696,대구복현산격점,대구광역시,북구,대구 북구 검단동 936-19,both
697,대구산격점,대구광역시,북구,"대구광역시 북구 동북로 131 (산격동, 양우내안애아파 106-101(산격동,양우내안애아파트상가)",both
698,대구칠성점,대구광역시,북구,대구 북구 칠성동2가 355-27,both
699,대구칠성점(올리브치킨),대구광역시,북구,대구광역시 북구 칠성로 39 (칠성동2가) ,both
700,대구태전행복점,대구광역시,북구,대구 북구 태전동 961-11번지 1층,both
701,칠곡학정점,대구광역시,북구,대구광역시 북구 칠곡중앙대로118길 20 (읍내동) 104호,both
702,대구성당본리점,대구광역시,달서구,대구광역시 달서구 장기로 176 (감삼동),both
703,대구신당1점,대구광역시,달서구,대구광역시 달서구 서당로 79 (신당동) 1층,both
704,죽전월드마크점,대구광역시,달서구,"대구광역시 달서구 와룡로 169 (감삼동, 월드마크웨스 1층 101-111호",both
705,크리스탈호텔점,대구광역시,달서구,대구광역시 달서구 달구벌대로 1910 (두류동) 1층,both
706,대곡행복점,대구광역시,달서구,"대구광역시 달서구 도원로 48 (도원동, 별메마을 복합 104호",both
707,대구도원점,대구광역시,달서구,대구광역시 달서구 상화로 300-23 (도원동) ,both
708,대구상인행복점,대구광역시,달서구,대구 달서구 상인동 1517 영남화성타운상가 107-3호,both
709,대구성서본점(4)(명변),대구광역시,달서구,"대구광역시 달서구 선원남로 151 (용산동, 한마음아파 210동 103호",both
710,대구송현2점,대구광역시,달서구,대구 달서구 송현1동 203-1  1층,both
711,대구용산점,대구광역시,달서구,대구광역시 달서구 용산서로 70 (용산동) ,both
712,대구월성행복점,대구광역시,달서구,대구 달서구 월성동 120번지 푸르지오상가 2동103호,both
713,대구유천스타점,대구광역시,달서구,"대구광역시 달서구 월배로11길 33 (유천동, 진천역AK 301동 102호",both
714,대구장기사랑점,대구광역시,달서구,"대구광역시 달서구 한들로 55 (장기동, 장기초록나라 501동 108호",both
715,대구진천수목원점,대구광역시,달서구,대구 달서구 대곡동 1015-1 외 1필지 진천상가 104호,both
716,성서이곡희망점,대구광역시,달서구,대구 달서구 이곡1동 한샘타운 상가 102 ,both
717,신월성올리브점,대구광역시,달서구,대구광역시 달서구  조암남로 38 101,both
718,테스트매장,대구광역시,달서구,대구 달서구 월성동 270-1 주공4단지상가 가-106호,both
719,대구아양점,대구광역시,동구,대구광역시 동구 아양로50길 21 (효목동) ,both
720,봉무이시아점,대구광역시,동구,대구광역시 동구 팔공로 250 (봉무동) 이시아스타,both
721,신천대구공고,대구광역시,동구,대구광역시 동구 송라로 82 (신천동) ,both
722,대구신서동호점(cafe),대구광역시,동구,대구 동구 신서동 805-11번지,both
723,대구신암점,대구광역시,동구,대구 동구 신암1동 577~588 588-10,both
724,대구율하본점,대구광역시,동구,대구광역시 동구 율하서로 54 (율하동) 1층 103호,both
725,대구지묘점,대구광역시,동구,대구광역시 동구 파계로6길 46 (지묘동) 제1층101호,both
726,동호본점(express)(2),대구광역시,동구,대구광역시 동구 동호로 54 (동호동) 1층,both
727,방촌행운점,대구광역시,동구,"대구광역시 동구 화랑로88길 30 (방촌동, 보성강남타 201동 103호",both
728,대명본점(Cafe),대구광역시,남구,대구 남구 대명동 2138-10,both
729,대구봉덕점,대구광역시,남구,"대구광역시 남구 이천로 35 (봉덕동) 봉덕동,1층",both
730,대구이천영선점(cafe),대구광역시,남구,대구 남구 이천동 453-71번지,both
731,대전노은점,대전광역시,유성구,대전 유성구 지족동 893-1 105호,both
732,대전도룡점,대전광역시,유성구,"대전광역시 유성구 대덕대로590번길 12-13 (도룡동) 103(도룡동,가온하이츠빌)",both
733,대전유성상대점,대전광역시,유성구,대전광역시 유성구 월드컵대로308번길 13-1 (상대동) 101(상대동),both
734,덕명수통골점,대전광역시,유성구,"대전광역시 유성구 수통골로 91-1 (덕명동, 1층) ",both
735,노은2지구점,대전광역시,유성구,대전 유성구 반석동 647-7,both
736,노은3지구점,대전광역시,유성구,대전광역시 유성구 지족로 283 지상1층 102호(지족동),both
737,대전신성점,대전광역시,유성구,대전 유성구 신성동 152-1번지 대림상가131호,both
738,대전어은점,대전광역시,유성구,대전 유성구 어은동 110-6,both
739,대전유성점,대전광역시,유성구,대전 유성구 봉명동 563-14 1층 7호,both
740,대전전민점,대전광역시,유성구,대전 유성구 전민동 327-23 ,both
741,송강점,대전광역시,유성구,대전광역시 유성구 테크노3로 60 (관평동) 1층 115호,both
742,대전성남점,대전광역시,동구,대전 동구 성남동 200-195,both
743,대전터미널점,대전광역시,동구,"대전광역시 동구 동서대로1695번길 30 (용전동, 대전 1층 CE110호",both
744,대전가양점,대전광역시,동구,대전 동구 가양동 398-4번지 1-2,both
745,대전가오점,대전광역시,동구,대전광역시 동구 대전로 448 (가오동) 104호,both
746,대전비래점,대전광역시,동구,대전광역시 동구 흥룡로 71번길 91 1층(가양동),both
747,대전용운점,대전광역시,동구,대전광역시 동구 용운로 127 ,both
748,동암역점,인천광역시,부평구,인천광역시 부평구 동암남로 1 (십정동) 2층,both
749,부개일신점,인천광역시,부평구,인천광역시 부평구  동수로 169-1 ,both
750,부개주공점,인천광역시,부평구,인천광역시 부평구  길주남로 157 201,both
751,굴포천점,인천광역시,부평구,"인천광역시 부평구 충선로203번길 16 (삼산동, 창성프 101,102호",both
752,인천청천점,인천광역시,부평구,인천광역시 부평구 마장로 475 (청천동) ,both
753,부평2점,인천광역시,부평구,인천 부평구 부평2동 756-103,both
754,부평4점(cafe),인천광역시,부평구,인천 부평구 부평4동 441-36번지 부평빌딩1층,both
755,부평삼산점,인천광역시,부평구,인천 부평구 삼산동 389-2 로얄프라자 108호,both
756,부평삼산타운점,인천광역시,부평구,인천 부평구 삼산동 440-1 삼산타운상가 107호,both
757,인천부개점,인천광역시,부평구,인천 부평구 부개동 124-35번지  1층,both
758,인천산곡점,인천광역시,부평구,인천 부평구 산곡4동 137-13  혜성프라자103호,both
759,인천산곡행운점,인천광역시,부평구,인천광역시 부평구 원적로 291 (산곡동) 1층,both
760,동해북삼점,강원도,동해시,강원도 동해시 효자남길 29-8 (쇄운동),both
761,동해북삼점(올리브카페),강원도,동해시,강원도 동해시 효자남길 29-8 (쇄운동) ,both
762,동해천곡점,강원도,동해시,"강원도 동해시 천곡로 38 (천곡동, 굿모닝플라워) ",both
763,등촌역점,서울특별시,양천구,서울특별시 양천구 목동중앙북로7가길 58 (목동) 1층,both
764,화곡3점,서울특별시,양천구,서울특별시 양천구 월정로 218 (신월동) 1층,both
765,목동5점,서울특별시,양천구,서울특별시 양천구 목동서로 130 (목동) 101호,both
766,목동역점,서울특별시,양천구,서울 양천구 목1동 935 진도아파트상가 101.103호,both
767,목동한청점,서울특별시,양천구,서울 양천구 목동 199-46 우성 대원프라자 101호,both
768,신월뉴타운점,서울특별시,양천구,"서울특별시 양천구 신월로15길 7 (신월동,길성아파트상가(107-108))",both
769,양천구청점,서울특별시,양천구,"서울특별시 양천구 목동서로 400 (신정동, 목동10단지 103호,목동10단지A상가)",both
770,오목교점,서울특별시,양천구,서울 양천구 목1동 405-350,both
771,마전우선점,인천광역시,서구,인천광역시 서구 완정로 46 (마전동) 1동 5호 6호,both
772,김포불로점,인천광역시,서구,인천 서구 불로동 불로지구39블럭 불로금호어울림상가101호,both
773,인천가좌점,인천광역시,서구,인천광역시 서구 건지로348번길 27 (가좌동) 102호,both
774,인천단봉오류점,인천광역시,서구,"인천광역시 서구 봉화로 18 (왕길동, 드림파크 어울림 209동 101호",both
775,인천당하점(express2)(2),인천광역시,서구,"인천광역시 서구 청마로167번안길 17 (당하동, 선혜프 115호",both
776,인천마전점,인천광역시,서구,인천 서구 마전동 608-2번지 1층상가,both
777,인천서구청점,인천광역시,서구,인천광역시 서구 승학로 310 (연희동) 1층,both
778,인천신현점,인천광역시,서구,인천 서구 신현동 278~295 280-4,both
779,인천청라점,인천광역시,서구,인천 서구 연희동 796-13 중흥클래스 2차상가 101호,both
780,청라타워점,인천광역시,서구,"인천광역시 서구 청라커낼로260번길 7-19 (경서동,청라에이스프라자107호)",both
781,메트로자이점,부산광역시,남구,부산광역시 남구 신선로 566 GS하이츠자이 401-154,both
782,메트로자이점,부산광역시,남구,"부산광역시 남구 신선로 566 (용호동, GS하이츠자이 4 ",both
783,부산대연혁신점,부산광역시,남구,"부산광역시 남구 수영로 345 (대연동, 대연힐스테이트 115동 107호",both
784,부산대연점,부산광역시,남구,부산광역시 남구 수영로219번길 45 (대연동),both
785,부산문현점,부산광역시,남구,부산 남구 문현동 202-69,both
786,부산용호점,부산광역시,남구,부산 남구 용호동 393-1 ,both
787,우암감만점,부산광역시,남구,"부산광역시 남구 석포로 52-2 (감만동, 마포통구이) 1층",both
788,모전대박점,경상북도,문경시,경북 문경시 모전동 873-6,both
789,흥덕행복점,경상북도,문경시,경상북도 문경시 호서로 100 (흥덕동),both
790,문경점,경상북도,문경시,경북 문경시 문경읍 하리 63-2,both
791,목포하당2호점(cafe),전라남도,목포시,전남 목포시 옥암동 965번지 금호아파트상가,both
792,광주목포연산점,전라남도,목포시,전남 목포시 산정동 1778-16,both
793,목포석현점,전라남도,목포시,"전라남도 목포시 텃골로33번길 53, 제주민복지시설동  (석현동, 석현동 금호어울림)",both
794,목포옥암점(올리브카페),전라남도,목포시,전라남도 목포시 남악2로9번길 8 (옥암동) 1층,both
795,목포하당점,전라남도,목포시,"전라남도 목포시 교육로 37 (상동, 목포우성우편취급 ",both
796,목포하당점(express)(2),전라남도,목포시,"전라남도 목포시 교육로 37 (상동, 목포우성우편취급 ",both
797,무주설천점,전라북도,무주군,전라북도 무주군 설천면 삼도봉로 14 ,both
798,민락스타점,경기도,의정부시,경기도 의정부시 오목로225번길 89-66 (민락동) 108호,both
799,의정부신곡중앙점,경기도,의정부시,"경기도 의정부시 동일로 454번길 7(신곡동, 5층) ",both
800,의정부가능점,경기도,의정부시,경기 의정부시 가능1동 667-20,both
801,의정부신곡점,경기도,의정부시,"경기도 의정부시 금신로 323 (신곡동, 대영프라자빌딩 1층 108호",both
802,의정부용현점,경기도,의정부시,경기 의정부시 용현동 39-26,both
803,의정부점,경기도,의정부시,경기 의정부시 의정부동 221-57 ,both
804,의정부호원점,경기도,의정부시,경기도 의정부시 평화로190번길 5 (호원동) 2층,both
805,배곧랜드마크점,경기도,시흥시,경기 시흥시 정왕동 1772-23 센타프라자2 102호 ,both
806,시화베니키아호텔점,경기도,시흥시,"경기도 시흥시 평안상가4길 21 (정왕동, 시흥관광호텔 A동 1,2층",both
807,시흥능곡점,경기도,시흥시,경기 시흥시 능곡동 747 광장프라자 103호,both
808,시흥은행점,경기도,시흥시,"경기 시흥시 은행로 152, 104",both
809,시화정왕2호점,경기도,시흥시,"경기도 시흥시 서촌상가3길 17 (정왕동, 명지프라자) ",both
810,시화정왕점,경기도,시흥시,경기 시흥시 정왕동 1866-6 ,both
811,시화함현마을점,경기도,시흥시,경기 시흥시 정왕동 1879-5 ,both
812,시흥대야점,경기도,시흥시,"경기도 시흥시 비둘기공원7길 39 (대야동, 트윈프라자 A-107",both
813,시흥신천,경기도,시흥시,경기 시흥시 신천동 750-3,both
814,시흥연성점,경기도,시흥시,경기도 시흥시 장곡로 23 (장곡동) 106호 일부,both
815,시흥월곶점,경기도,시흥시,경기 시흥시 월곶동 1009-2번지 월곶중앙프라자 104호,both
816,시흥정왕역점,경기도,시흥시,"경기도 시흥시 역전로302번길 9 (정왕동, 정현빌딩) 1층 102호",both
817,정왕본동점,경기도,시흥시,경기도 시흥시 정왕시장길 25 (정왕동) 1층 102호,both
818,부곡행복점,부산광역시,금정구,부산 금정구 부곡동 888-33 ,both
819,부산구서점,부산광역시,금정구,부산광역시 금정구 구서중앙로 25 ,both
820,부산남산점,부산광역시,금정구,부산광역시 금정구 금강로 735-1 (청룡동) ,both
821,부산부곡점,부산광역시,금정구,부산 금정구 부곡동 292-13,both
822,"부산장전점(express)(2,명변)",부산광역시,금정구,"부산광역시 금정구 금강로 225 (장전동, 벽산블루밍디 1층 204호 2단지 근린생활시설동",both
823,부산모덕점,부산광역시,사상구,"부산광역시 사상구 백양대로 730 (덕포동, 프로새차만 ",both
824,부산사상역점,부산광역시,사상구,부산광역시 사상구 광장로 96 (괘법동) ,both
825,부산모라점,부산광역시,사상구,부산 사상구 모라동 1339-19,both
826,부산사상점,부산광역시,사상구,부산 사상구 괘법동 516-1 한신아파트상가 2동 107-1,both
827,부산신주례점,부산광역시,사상구,부산 사상구 주례동 939-1 주례1차 A상가 106-114,both
828,부산엄궁점,부산광역시,사상구,부산 사상구 엄궁동 40-67,both
829,부산학장점,부산광역시,사상구,"부산광역시 사상구 학감대로123번길 67 (학장동, 학장 301동 지하1층 206호",both
830,부산민락점,부산광역시,수영구,"부산광역시 수영구 광안해변로344번길 9-11 (민락동,  1층",both
831,부산광안리점,부산광역시,수영구,부산 수영구 광안동 192-16,both
832,부산남천점(express)(2),부산광역시,수영구,부산광역시 수영구 수영로408번길 24-4 (남천동) 1층,both
833,부산망미점,부산광역시,수영구,부산 수영구 망미동 444-18 ,both
834,부산수영점,부산광역시,수영구,부산광역시 수영구 무학로 30-4 (광안동) ,both
835,부산송도점,부산광역시,서구,부산광역시 서구 송도해변로 67 ,both
836,부산대신점,부산광역시,서구,부산광역시 서구 부용로 15-1 (서대신동1가) ,both
837,부산영주중앙점,부산광역시,중구,부산광역시 중구 중구로 188 (영주동) ,both
838,부산중동점(치킨앤비어),부산광역시,중구,"부산광역시 중구 중앙대로 114 (중앙동4가, 크라운 하 2층",both
839,삼척점,강원도,삼척시,강원도 삼척시 중앙로 249 (남양동) ,both
840,삼척대명리조트점,강원도,삼척시,강원 삼척시 갈천동 산 16-4번지 메인로비 1층 ,both
841,삼천포점,경상남도,사천시,경상남도 사천시 벌리9길 7 (벌리동),both
842,사천사남점,경상남도,사천시,경상남도 사천시 사남면 진삼로 1126 ,both
843,사천시청점(올리브치킨3),경상남도,사천시,경상남도 사천시 용현면 용현2길 50 (시티빌딩) ,both
844,사천점(올리브치킨3),경상남도,사천시,경상남도 사천시 사천읍 역사동길 41 ,both
845,상봉점,서울특별시,중랑구,서울특별시 중랑구 면목로 442-1 (면목동) ,both
846,묵동행복점,서울특별시,중랑구,서울특별시 중랑구 중랑역로 242 (묵동) 1층2호,both
847,사가정점,서울특별시,중랑구,서울 중랑구 면목3동 454-23,both
848,신내점,서울특별시,중랑구,서울 중랑구 신내동 531-11 ,both
849,중랑역점,서울특별시,중랑구,"서울특별시 중랑구 중랑천로12길 45 (상봉동, 지앤지 2층",both
850,생연점,경기도,동두천시,경기도 동두천시 생골로 24 (생연동) 104호,both
851,동두천송내점,경기도,동두천시,경기 동두천시 지행동 719-3 현대프라자 1층 107호,both
852,성남단대점,경기도,성남시,경기도 성남시 중원구 광명로 299 (금광동) ,both
853,성남시청점,경기도,성남시,경기 성남시 중원구 여수동 201 103호 ,both
854,성남중원점,경기도,성남시,경기도 성남시 중원구 갈마치로 215 금강펜테리움IT타 지하,both
855,을지대점,경기도,성남시,경기도 성남시 중원구 산성대로 558 (은행동) ,both
856,동판교백현마을점,경기도,성남시,경기 성남시 분당구 백현동 604,both
857,동판교백현마을점,경기도,성남시,"경기도 성남시 분당구 동판교로 52 (백현동, 제이스타 52번길 5(백현동)",both
858,동판교봇들마을점,경기도,성남시,경기도 성남시 분당구 동판교로 212 봇들마을6단지아 봇들마을가상가 101,both
859,분당구미점,경기도,성남시,경기도 성남시 분당구  미금로 48 101,both
860,분당미금점,경기도,성남시,경기 성남시 분당구 구미동 47-3,both
861,분당본점,경기도,성남시,경기 성남시 분당구 분당동 123-1,both
862,분당서현점,경기도,성남시,경기 성남시 분당구 서현동 94 현대아케이트 127,both
863,분당수내점,경기도,성남시,"경기도 성남시 분당구 수내로 74 (수내동, 양지마을금 108호",both
864,분당아름마을점,경기도,성남시,"경기도 성남시 분당구 성남대로779번길 48 (이매동,골든프라자106호)",both
865,분당야탑본점,경기도,성남시,경기 성남시 분당구 야탑동 287-10,both
866,분당이매촌점,경기도,성남시,"경기도 성남시 분당구 서현로 181 (이매동, 이매촌한 상가1층103호",both
867,분당정자점,경기도,성남시,경기도 성남시 분당구 내정로129번길 17 (정자동) ,both
868,분당정자카페거리점,경기도,성남시,경기도 성남시 분당구 성남대로 381 1층,both
869,분당중앙점(올리브치킨)(2),경기도,성남시,"경기도 성남시 분당구 불정로 141 (정자동, 정든마을 104호",both
870,서판교산운마을점,경기도,성남시,경기 성남시 분당구 운중동 922 산운마을주공11단지내상가 101,both
871,성남금광점(Cafe),경기도,성남시,경기 성남시 중원구 금광동 2889 1층,both
872,성남복정점,경기도,성남시,경기 성남시 수정구 복정동 690-6번지 1층,both
873,성남수진점(2명변),경기도,성남시,경기 성남시 수정구 수진동 3395-2번지 1층,both
874,성남신흥점,경기도,성남시,경기 성남시 수정구 산성동 1466,both
875,성남중앙점,경기도,성남시,경기도 성남시 중원구 광명로 242-3 (중앙동) 1층,both
876,성남태평점,경기도,성남시,경기 성남시 수정구 태평2동 3196번지,both
877,위례점,경기도,성남시,"경기도 성남시 수정구 위례광장로 41 (창곡동) 1층 113호(창곡동,지엠프라자)",both
878,위례중앙2호점,경기도,성남시,"경기도 성남시 수정구 위례광장로 310 (창곡동, 우성 ",both
879,위례중앙본점,경기도,성남시,"경기도 성남시 수정구 위례광장로 311 (창곡동, 위례3 상가동 2층 205호",both
880,하대원점,경기도,성남시,경기 성남시 중원구 하대원동 132 ,both
881,성수3점,서울특별시,성동구,"서울특별시 성동구 성덕정길 59 (성수동1가,1층) ",both
882,금호점,서울특별시,성동구,서울 성동구 금호동4가 128,both
883,마장점,서울특별시,성동구,서울특별시 성동구 마장로 299 (마장동) ,both
884,성수2점,서울특별시,성동구,서울 성동구 성수1가2동 13-78,both
885,옥수점,서울특별시,성동구,서울 성동구 옥수동 243 2층,both
886,왕십리행운점,서울특별시,성동구,"서울특별시 성동구 마장로 137 (상왕십리동, 텐즈힐) 403동 1층 121호",both
887,용답답십리역점(cafe2),서울특별시,성동구,서울 성동구 용답동 56-11번지 1층,both
888,행당점,서울특별시,성동구,서울 성동구 행당1동 292-50,both
889,안산선부점,경기도,안산시,경기도 안산시 단원구 선부로 165 (선부동) 1층 101호,both
890,고잔신도시점,경기도,안산시,"경기도 안산시 상록구 해양1로 15 (사동, 안산고잔6차 104,105호",both
891,본오상록수점,경기도,안산시,경기도 안산시 상록구 본이로 13 (본오동) 1층,both
892,신길거모점,경기도,안산시,경기도 안산시 단원구 중앙대로 415 (신길동) 105호,both
893,안산고잔1동점,경기도,안산시,경기 안산시 단원구 고잔1동 661-4 녹원상가 101호,both
894,안산고잔금강점,경기도,안산시,"경기도 안산시 상록구 중보로 22 (사동, 늘푸른아파트 늘푸른아파트상가 401동 104호",both
895,안산고잔점,경기도,안산시,경기 안산시 단원구 고잔2동 670-1 주공7단지 상가 마동 102호,both
896,안산고잔중앙점,경기도,안산시,"경기도 안산시 단원구 광덕2로 193-11 (고잔동, 창진 109호",both
897,안산대부도점,경기도,안산시,경기도 안산시 단원구 대부중앙로 123 (대부동동) 1층일부,both
898,안산반월점,경기도,안산시,경기 안산시 상록구 건건동 645-13 1층,both
899,안산본오점,경기도,안산시,경기 안산시 상록구 본오3동 879-16 신안2차상가 114호,both
900,안산사동점(cafe),경기도,안산시,경기 안산시 상록구 사동 1398-5번지 102호,both
901,안산선부2점,경기도,안산시,경기 안산시 단원구 선부2동 1070-11 동양빌딩101호,both
902,안산원곡라성점,경기도,안산시,경기 안산시 단원구 원곡동 846-4 베스트프라자 1층 120호,both
903,안산원곡점,경기도,안산시,경기 안산시 단원구 원곡동 761-4,both
904,안산월피점,경기도,안산시,경기 안산시 상록구 월피동 436-11,both
905,안산일동점,경기도,안산시,경기 안산시 상록구 일동 85-6번지  1층,both
906,안산초지점(올리브치킨),경기도,안산시,"경기도 안산시 단원구 초지로 90 (초지동, 태영프라자 ",both
907,월피공원점,경기도,안산시,"경기도 안산시 상록구 예술광장1로 22 (월피동, 안산 1층 104",both
908,안성공도점,경기도,안성시,경기도 안성시 공도읍 공도3로 16 101,both
909,안성금산점,경기도,안성시,경기 안성시 금산동 81-2번지 주은아파트상가 b-103,both
910,안성대덕점,경기도,안성시,경기도 안성시 대덕면 대학9길 16 (부성오피스텔) 1층 C호,both
911,안성원곡점,경기도,안성시,경기 안성시 원곡면 외가천리 265-12,both
912,안성점,경기도,안성시,경기 안성시 아양동 300-1 아양주공상가 103호,both
913,안성죽산점(펀앤정한마리반)(2),경기도,안성시,경기도 안성시 죽산면 죽주로 290 나동 101호,both
914,안성청설점(2),경기도,안성시,경기 안성시 공도읍 진사리 348-9 청룡프라자 110,both
915,양성점,경기도,안성시,경기 안성시 양성면 동항리 369,both
916,양수리점,경기도,양평군,경기도 양평군 양서면 양수로 153 ,both
917,경기양평점,경기도,양평군,경기도 양평군 양평읍 관문길 57 ,both
918,국수리점,경기도,양평군,경기도 양평군 양서면 경강로 1041 ,both
919,양평강상점,경기도,양평군,경기 양평군 강상면 병산리 753 101호 ,both
920,양평개군점,경기도,양평군,경기 양평군 개군면 부리 453-47,both
921,양평서종점,경기도,양평군,경기도 양평군 서종면 북한강로 769 ,both
922,양평용문점,경기도,양평군,경기도 양평군 용문면 다문중앙1길9-2 1층,both
923,양평지평점,경기도,양평군,경기도 양평군 지평면 지평의병로 83 ,both
924,양평청운점,경기도,양평군,경기 양평군 청운면 용두1리 717-7,both
925,옥천점,경기도,양평군,경기 양평군 옥천면 옥천리 576번지,both
926,여수죽림점,전라남도,여수시,전라남도 여수시 소라면 죽림리 1226-6번지 ,both
927,여수돌산점,전라남도,여수시,전라남도 여수시 돌산읍 강남8길 13 ,both
928,여수문수점,전라남도,여수시,전남 여수시 문수동 114-3,both
929,여수봉산점,전라남도,여수시,전라남도 여수시 봉산서3길 21 (봉산동) 2층,both
930,여수신기행운점,전라남도,여수시,전라남도 여수시 흥국로 91 (신기동) 나동,both
931,여수웅천점,전라남도,여수시,전라남도 여수시 웅천7길 11 (웅천동) ,both
932,여수학동점,전라남도,여수시,전라남도 여수시 도원로 270 (학동) 104호,both
933,전남미평점,전라남도,여수시,전라남도 여수시  대학로 27 ,both
934,영월점,강원도,영월군,강원도 영월군 영월읍 하송로 72 ,both
935,영천시청점(cafe),경상북도,영천시,경북 영천시 문외동 40-1번지,both
936,영천망정점,경상북도,영천시,경북 영천시 야사동 132-7,both
937,오천중앙점,경상북도,포항시,경북 포항시 남구 오천읍 용덕리 350-1,both
938,포항남부점,경상북도,포항시,경북 포항시 남구 상도동 66-54 ,both
939,포항대이점,경상북도,포항시,경북 포항시 남구 대이로127번길 18-5 1층(이동),both
940,포항두호점,경상북도,포항시,경상북도 포항시 북구 학전로 71 (두호동) 1층,both
941,포항양학점,경상북도,포항시,경상북도 포항시 북구 양학로 8 (학잠동) 1층,both
942,포항창포점,경상북도,포항시,경북 포항시 북구 창포동 627,both
943,구룡포점,경상북도,포항시,경북 포항시 남구 구룡포읍 구룡포리 704-9,both
944,포항용흥점,경상북도,포항시,경상북도 포항시 북구 새마을로 68 (용흥동) 101호,both
945,포항원리행운점,경상북도,포항시,경상북도 포항시 남구 오천읍 남원로 86-15 (포항원동 2동 1층 101호,both
946,포항유강점,경상북도,포항시,경북 포항시 남구 연일읍 유강리 7블럭 1-2롯트,both
947,포항장량본점,경상북도,포항시,"경상북도 포항시 북구 양덕로 60 (양덕동, 풍림아이원 1층 109호",both
948,포항장량점,경상북도,포항시,경상북도 포항시 북구 법원로 175 (양덕동) 1층 104호,both
949,포항중앙점(올리브카페),경상북도,포항시,경상북도 포항시 남구 축항로 14 (해도동) 1층,both
950,포항흥해점,경상북도,포항시,경상북도 포항시 북구 흥해읍 도음로 901 ,both
951,옥곡백천점,경상북도,경산시,경상북도 경산시 경산로15길 1-14 (옥곡동),both
952,경산사동점,경상북도,경산시,경북 경산시 사동 652-8,both
953,경산옥산1점,경상북도,경산시,경북 경산시 옥산동 865번지,both
954,경산옥산점,경상북도,경산시,경북 경산시 정평동 138-6 우방상가 103-106호,both
955,경산진량점,경상북도,경산시,경상북도 경산시 진량읍 공단1로 2 ,both
956,경산하양점,경상북도,경산시,경북 경산시 하양읍 금락리4-59,both
957,신대부적행운점,경상북도,경산시,경상북도 경산시 대학로 332 (조영동) 1층 101호,both
958,용두점,서울특별시,동대문구,"서울특별시 동대문구 정릉천동로 58 (용두동, 롯데캐 (용두동,롯데캐슬피렌체 107호)",both
959,장안행복점,서울특별시,동대문구,서울특별시 동대문구 사가정로25길 60 (장안동) 1층,both
960,동대문스타점,서울특별시,동대문구,서울특별시 동대문구 한천로 133 (답십리동) 1층,both
961,이문동점,서울특별시,동대문구,서울 동대문구 휘경동 183-386 나호,both
962,전농점 Cafe,서울특별시,동대문구,서울 동대문구 전농동 38-18,both
963,울산남외점,울산광역시,중구,울산광역시 중구 남외1길 25 (남외동) ,both
964,우정혁신점,울산광역시,중구,울산광역시 중구 종가4길 15 (유곡동) 오성프라자1층(울산우정혁신도시근생9블럭1-2롯트)),both
965,울산반구점,울산광역시,중구,울산광역시 중구 화합로 365 (반구동) 1층(반구동),both
966,울산병영행운점,울산광역시,중구,울산광역시 중구 병영로 17 (남외동) ,both
967,울산성안혁신점,울산광역시,중구,울산광역시 중구 성안로 156 (성안동) 1층,both
968,울산우정점,울산광역시,중구,울산 중구 우정동 436-117번지,both
969,울산대공원점,울산광역시,남구,울산광역시 남구 문수로344번길 1 (옥동) 1층,both
970,울산현대달동본점,울산광역시,남구,울산광역시 남구 중앙로128번길 65 (달동) ,both
971,울산달동점,울산광역시,남구,울산 남구 달동 640-19번지,both
972,울산무거점,울산광역시,남구,울산 남구 무거동 1550-5번지,both
973,울산삼산점(cafe),울산광역시,남구,울산 남구 달동 1351-1 현우상가 102,both
974,울산야음점,울산광역시,남구,울산광역시 남구 중앙로48번길 5 (신정동) ,both
975,울산옥동점,울산광역시,남구,"울산광역시 남구 거마로 9 (옥동) 옥동, 1층",both
976,울산명촌점,울산광역시,북구,"울산광역시 북구 명촌11길 12 (명촌동,123B3L1층)",both
977,울산천곡아진점,울산광역시,북구,"울산광역시 북구 달천로 50 (달천동, 달천아이파크1차 B동 106호",both
978,울산천곡아진점(cafe)(4),울산광역시,북구,"울산광역시 북구 달천로 50 (달천동, 달천아이파크1차 상가동 B106호",both
979,울산매곡중산점,울산광역시,북구,울산 북구 매곡동 474-1번지 H프라자 1-109,both
980,울산블루마시티점,울산광역시,북구,울산광역시 북구 산하중앙2로 281 204호(산하동) ,both
981,울산염포양정점,울산광역시,북구,울산광역시 북구 염포로 669(성원상떼빌) 상가동 108호,both
982,울산호계신천점,울산광역시,북구,울산광역시 북구 호계9길 15 (호계동) 1층,both
983,울산화봉연암점,울산광역시,북구,울산광역시 북구 두부곡4길 36 ,both
984,월곡역점,서울특별시,성북구,"서울특별시 성북구 화랑로 76 코업스타클래스 (하월곡동,코업스타클래스 1층 101-2호)",both
985,월곡역점,서울특별시,성북구,"서울특별시 성북구 화랑로 76 (하월곡동, 코업스타클 ",both
986,길음점,서울특별시,성북구,서울 성북구 길음동 1170,both
987,돌곶이점,서울특별시,성북구,서울 성북구 장위동 66-323,both
988,석계점,서울특별시,성북구,서울 성북구 석관동 10번지   두산A상가 126호,both
989,성북스타3호점(올리브카페),서울특별시,성북구,서울특별시 성북구 동소문로 23-4 (동소문동4가) ,both
990,성북스타점,서울특별시,성북구,서울특별시 성북구 보문로 57 (보문동7가) 1층,both
991,정릉중앙점,서울특별시,성북구,서울 성북구 정릉동 587번지 정릉꿈의그린 2단지 상가,both
992,정릉풍림스타점,서울특별시,성북구,"서울특별시 성북구 솔샘로25길 20 (정릉동, 정릉풍림 ",both
993,정릉행복점,서울특별시,성북구,서울특별시 성북구 보국문로 83-1 (정릉동) 1층 (주)엘와이에프앤비,both
994,종암1동점(cafe),서울특별시,성북구,서울 성북구 종암동 84-39번지 1층,both
995,하월곡점,서울특별시,성북구,서울 성북구 하월곡동 230 동일하이빌 뉴시티 136호,both
996,은평뉴타운구파발점(Cafe),서울특별시,은평구,서울 은평구 진관동 106 은평뉴타운 마고정 동부센트레빌 301동 B104호,both
997,응암2점,서울특별시,은평구,서울 은평구 응암동 674-12 ,both
998,구산동점,서울특별시,은평구,서울 은평구 구산동 9-9번지  1층,both
999,구산예일점,서울특별시,은평구,서울 은평구 역촌동 51-79번지 1층,both
1000,녹번점,서울특별시,은평구,"서울특별시 은평구 녹번로 35 (녹번동), 1층 ",both
1001,불광1동점(5),서울특별시,은평구,서울 은평구 불광동 8/5번지,both
1002,수색점,서울특별시,은평구,서울 은평구 수색동 131-4  1층,both
1003,신사2동점,서울특별시,은평구,서울 은평구 신사동 343-33번지 1층,both
1004,연신내점,서울특별시,은평구,서울특별시 은평구 갈현로 246 (갈현동) 1층 중간호,both
1005,은평뉴타운점(Cafe),서울특별시,은평구,서울 은평구 진관동 25 은평뉴타운구파발918동상가101호,both
1006,응암점,서울특별시,은평구,서울 은평구 응암동 104-36 1층,both
1007,의왕포일점,경기도,의왕시,"경기도 의왕시 안양판교로 101 (포일동, 포일메디컬센 107",both
1008,의왕포일점,경기도,의왕시,"경기도 의왕시 안양판교로 101 (포일동, 서울와이즈병 1층 107호",both
1009,의왕갈뫼점(명변2),경기도,의왕시,"경기도 의왕시 오리나무로 11 (내손동, 영원주택) 내손동812-1",both
1010,의왕고천점,경기도,의왕시,경기 의왕시 오전동 387-2번지,both
1011,의왕내손점,경기도,의왕시,경기 의왕시 내손동 652-15,both
1012,의왕오전점,경기도,의왕시,경기 의왕시 오전동 104-10,both
1013,인천송림점,인천광역시,동구,인천 동구 송림동 125-19번지,both
1014,인천학익점,인천광역시,남구,인천 남구 학익동 244-33,both
1015,인천구월2점,인천광역시,남구,인천 남구 주안동 1554-3번지,both
1016,인천문학점,인천광역시,남구,인천광역시 남구 매소홀로 550-2 (문학동),both
1017,인천용현점,인천광역시,남구,인천 남구 용현동 556-58 101호 ,both
1018,인천인하대점,인천광역시,남구,"인천 남구 용현동 35-7, 1층",both
1019,인천제물포점,인천광역시,남구,인천 남구 숭의4동 1-64,both
1020,인천주안북부점,인천광역시,남구,인천 남구 주안동 14-51 1층,both
1021,인천주안점,인천광역시,남구,인천 남구 주안동 88-3번지,both
1022,인하대역점,인천광역시,남구,"인천광역시 남구 독배로 311 (용현동, 비젼프라자) 1층 101호",both
1023,장수스타점,전라북도,장수군,전라북도 장수군 장수읍 구시장길 6-18 (금성센타) 2호,both
1024,장흥일영점,경기도,양주시,"경기도 양주시 장흥면 호국로 156 나동 2층 104호,105호",both
1025,백석점,경기도,양주시,경기 양주시 백석읍 복지리 130-8,both
1026,양주고읍점(cafe),경기도,양주시,경기 양주시 광사동 657번지 메가시티1층 131,both
1027,양주광적점,경기도,양주시,경기도 양주시 광적면 삼일로 4 103,both
1028,양주덕계점,경기도,양주시,경기 양주시 덕계동 456-1,both
1029,양주덕정점,경기도,양주시,"경기도 양주시 회정로109번길 47 (덕정동, 명진빌라) 102(덕정동,A동)",both
1030,양주은현점,경기도,양주시,경기도 양주시 은현면 은현로 69 ,both
1031,양주장흥점,경기도,양주시,경기도 양주시 장흥면 가마골로 40-8 우남송추마을아 ,both
1032,전남강진점,전라남도,강진군,전라남도 강진군 강진읍 보은로2길 36 ,both
1033,전남완도행운점,전라남도,완도군,전라남도 완도군 완도읍 개포로 175 ,both
1034,완도고금점,전라남도,완도군,전라남도 완도군 고금면 고금동로 21-1 ,both
1035,완도보길도점(2)(올리브치킨),전라남도,완도군,전남 완도군 보길면 청병길 10,both
1036,완도청산점,전라남도,완도군,전남 완도군 청산면 도청리 943-23번지,both
1037,전남완도명사십리점,전라남도,완도군,전라남도 완도군 신지면 명사십리길 71-3 ,both
1038,전남완도점,전라남도,완도군,전남 완도군 완도읍 군내리 782-79번지,both
1039,정읍수성점,전라북도,정읍시,전라북도 정읍시 중앙로 131 (수성동) ,both
1040,정읍상동행운점,전라북도,정읍시,"전라북도 정읍시 충정로 16 (상동, 내장산빌딩) ",both
1041,제주노형점,제주특별자치도,제주시,"제주특별자치도 제주시 수덕로 81 (노형동, 동원빌딩) ",both
1042,제주삼도점,제주특별자치도,제주시,제주 제주시 삼도1동 537-16,both
1043,제주삼화점,제주특별자치도,제주시,제주특별자치도 제주시 화삼북로 143 (삼양이동) 1층,both
1044,제주아라점(cafe)(2),제주특별자치도,제주시,제주특별자치도 제주시 아란8길 (아라일동) 1층,both
1045,제주외도점,제주특별자치도,제주시,제주 제주시 외도2동 250-1,both
1046,제주월정점,제주특별자치도,제주시,제주 제주시 구좌읍 행원리 1537-5 ,both
1047,제주이도초교점,제주특별자치도,제주시,제주특별자치도 제주시 청사로 86 (도남동) ,both
1048,제주하귀애월점,제주특별자치도,제주시,제주 제주시 애월읍 하귀2리 1863,both
1049,제주한림점,제주특별자치도,제주시,제주특별자치도 제주시 한림읍 한림로 703 1층,both
1050,제주도두점,제주특별자치도,제주시,제주 제주시 도두1동 2538번지,both
1051,제주삼무공원점,제주특별자치도,제주시,제주특별자치도 제주시 삼무로 40 (연동) 2층,both
1052,제주김만덕점(올리브치킨),제주특별자치도,제주시,"제주 제주시 건입동 산지로 5,1층",both
1053,제주남광점,제주특별자치도,제주시,제주특별자치도 제주시 오복4길 14 (이도이동) ,both
1054,제주도남점,제주특별자치도,제주시,제주특별자치도 제주시 도남로 21-1 (도남동) ,both
1055,제주봉개점,제주특별자치도,제주시,제주특별자치도 제주시 번영로 458 (봉개동) 1층,both
1056,제주신연동점,제주특별자치도,제주시,제주 제주시 연동 1496번지 연화1로,both
1057,제주연동점,제주특별자치도,제주시,제주 제주시 연동 285-9,both
1058,제주용담점,제주특별자치도,제주시,제주특별자치도 제주시 용담로 92 (용담이동) ,both
1059,제주인제점,제주특별자치도,제주시,제주 제주시 일도2동 355-9,both
1060,제주일도점(4),제주특별자치도,제주시,제주 제주시 일도2동 100-5번지,both
1061,제주평화로점,제주특별자치도,제주시,제주특별자치도 제주시 애월읍 평화로 2157 상가-5(프시케월드1층),both
1062,제주함덕점,제주특별자치도,제주시,제주 북제주군 조천읍 함덕리 1252-2,both
1063,제주협재점,제주특별자치도,제주시,제주특별자치도 제주시 한림읍 협재1길 44 1층,both
1064,제주화북점(올리브치킨),제주특별자치도,제주시,제주특별자치도 제주시 일주동로 197 (화북일동) 1층,both
1065,추자점,제주특별자치도,제주시,제주특별자치도 제주시 추자면 추자로 14-4 ,both
1066,호텔리젠트마린점,제주특별자치도,제주시,"제주특별자치도 제주시 서부두2길 20 (건입동, 호텔리 ",both
1067,제천로즈웰점,충청북도,제천시,충청북도 제천시 신백로 33 (신백동) ,both
1068,제천장락점(CAFE),충청북도,제천시,충북 제천시 장락동 431-38 1층 103,both
1069,하소왕암점,충청북도,제천시,충청북도 제천시 소새로1길 37 (왕암동) ,both
1070,주문진점,강원도,강릉시,강원도 강릉시 주문진읍 신리천로 56 ,both
1071,강릉교동점,강원도,강릉시,강원 강릉시 교동 833-4,both
1072,강릉성덕점,강원도,강릉시,강원도 강릉시 월대산로 64 (입암동) (입암동),both
1073,지리산온천점,전라남도,구례군,"전라남도 구례군 산동면 지리산온천로 262 101호, 102호",both
1074,전남구례화엄사점,전라남도,구례군,전남 구례군 마산면 황전리 842-17,both
1075,진주상평점,경상남도,진주시,경상남도 진주시 돗골로123번길 4 (상대동) ,both
1076,진주평거점,경상남도,진주시,"경상남도 진주시 새평거로 30 (평거동, 엠코타운 더프 ",both
1077,진주칠암점,경상남도,진주시,경남 진주시 칠암동 동진로 20번길 25,both
1078,경남금산점,경상남도,진주시,경남 진주시 금산면 중천리 408-4,both
1079,진주망경점,경상남도,진주시,경남 진주시 망경동 69-54,both
1080,진주문산점,경상남도,진주시,경상남도 진주시 문산읍 월아산로 1089 1층,both
1081,진주상봉점,경상남도,진주시,경남 진주시 상봉동 802-1,both
1082,진주이현점,경상남도,진주시,경남 진주시 이현동 115-5,both
1083,진주일반성점,경상남도,진주시,경남 진주시 일반성면 창촌리 645-5,both
1084,진주초전점(2)(Express),경상남도,진주시,경상남도 진주시 초전북로61번길 6-5 (초전동) 1층,both
1085,진주충무공점,경상남도,진주시,"경상남도 진주시 충의로 20-17 (충무공동, 가온누리) 107호",both
1086,진주칠암점,경상남도,진주시,경상남도 진주시 진주대로 828 (주약동),both
1087,진주하대점,경상남도,진주시,경상남도 진주시 도동로 189 ,both
1088,천안나사렛대점,충청남도,천안시,"충청남도 천안시 서북구 나사렛대길 27 (쌍용동, 코지 101호",both
1089,천안백석점,충청남도,천안시,충남 천안시 서북구 백석동 54-29 ,both
1090,입장하장리점,충청남도,천안시,충청남도 천안시 서북구 입장면 입장로 146 1층,both
1091,직산삼은점,충청남도,천안시,충청남도 천안시 서북구 직산읍 삼은3길 32 ,both
1092,천안두정점,충청남도,천안시,"충청남도 천안시 서북구 두정중7길 46 (두정동, 한성 1층 101 2호",both
1093,천안목천점,충청남도,천안시,충청남도 천안시 동남구 목천읍 충절로 767 102,both
1094,천안병천점,충청남도,천안시,충청남도 천안시 동남구 병천면 아우내장터3길 2 ,both
1095,천안신불당점(올리브카페),충청남도,천안시,충청남도 천안시 서북구 불당32길 24 (불당동) 102호,both
1096,천안신불당펜타포트점(올리브카페),충청남도,천안시,충청남도 천안시 서북구 공원로 205 (불당동) ,both
1097,천안차암점(올리브치킨),충청남도,천안시,충청남도 천안시 서북구 3공단6로 58-5 (차암동) 1층 120호,both
1098,천안청당점,충청남도,천안시,충청남도 천안시 동남구 청수7로 3-1 (청당동) 1층,both
1099,천안통정지구점,충청남도,천안시,"충청남도 천안시 동남구 통정3로 68 (신방동, 신방한 상가동 1층 103호",both
1100,춘천봄내행운점,강원도,춘천시,강원도 춘천시 퇴계로 221 (석사동) 1층,both
1101,춘천장학지구점,강원도,춘천시,강원도 춘천시 동면 춘천로449번길 20-2 ,both
1102,춘천퇴계점(치킨앤비어),강원도,춘천시,강원도 춘천시 행촌로 59 (퇴계동) 1층,both
1103,춘천강북점(올리브치킨),강원도,춘천시,강원도 춘천시 충열로16번길 21-20 (우두동) 1층,both
1104,춘천거두점,강원도,춘천시,강원도 춘천시 동내면 거두택지길 10 1층,both
1105,춘천봄내행운점(올리브치킨),강원도,춘천시,강원도 춘천시 퇴계로 221 (석사동) ,both
1106,춘천석사점,강원도,춘천시,강원 춘천시 퇴계동 971-2번지  1층,both
1107,춘천애막골점,강원도,춘천시,강원도 춘천시 우석로85번길 20-6 (석사동) ,both
1108,춘천온의점,강원도,춘천시,강원 춘천시 온의동 650-30,both
1109,춘천후평시장점,강원도,춘천시,강원도 춘천시 춘천로296번길 6 (후평동) ,both
1110,충남금산점,충청남도,금산군,"충청남도 금산군 금산읍 인삼로 65, 106 (앤이시티)",both
1111,충남덕산온천점,충청남도,예산군,충청남도 예산군 덕산면 봉운로 27-2 ,both
1112,예산광시점,충청남도,예산군,충청남도 예산군 광시면 예당로 165-5 1층,both
1113,충남예산점,충청남도,예산군,충남 예산군 예산읍 주교리 349-3번지,both
1114,충남복운점,충청남도,당진시,충남 당진군 송악면 복운리 1640-1,both
1115,당진신평점,충청남도,당진시,충청남도 당진시 신평면 신평로 789-3 1층 3호 (대림),both
1116,당진정미점(펀&정),충청남도,당진시,충남 당진군 정미면 천의리 252-6번지,both
1117,당진합덕점,충청남도,당진시,충남 당진시 합덕읍 운산리 918-11 ,both
1118,당진CGV점,충청남도,당진시,충청남도 당진시 우두로 16 (우두동) 101호(아치빌),both
1119,충남당진점,충청남도,당진시,충남 당진군 당진읍 채운리 250-20 1층,both
1120,충남석문점,충청남도,당진시,충남 당진군 석문면 삼봉리 853-21,both
1121,충남송산점,충청남도,당진시,충청남도 당진시 송산면 송산로 783 103(현대빌딩1층102호),both
1122,충남송악점,충청남도,당진시,충남 당진군 송악면 기지시리 153-30,both
1123,충남서산읍내점,충청남도,서산시,충남 서산시 읍내동 255번지,both
1124,서산점,충청남도,서산시,충남 서산시 대산읍 기은리 592-23,both
1125,서산음암점,충청남도,서산시,충청남도 서산시 음암면 도당가금말길 55 (1층),both
1126,서산지곡점,충청남도,서산시,충남 서산시 지곡면 충의로 762-78 늘푸른오스카빌아 (늘푸른오스카빌아파트상가동216호),both
1127,서산호수공원점,충청남도,서산시,충청남도 서산시 호수공원11로 35 (읍내동) ,both
1128,충남대산점,충청남도,서산시,충남 서산시 대산읍 대산리 119번지 대산종합상가내,both
1129,충남서산석남점,충청남도,서산시,충남 서산시 석림동 673-9,both
1130,충남서산예천점,충청남도,서산시,충남 서산시 예천동 665-7,both
1131,충남서산점,충청남도,서산시,충남 서산시 동문동 59-33,both
1132,충남서천점,충청남도,서천군,충남 서천군 서천읍 사곡리 271,both
1133,서천서면점,충청남도,서천군,충청남도 서천군 서면 공암남촌길 178 ,both
1134,충남장항점,충청남도,서천군,충청남도 서천군 장항읍 성주로 1 ,both
1135,충주연수행복점,충청북도,충주시,충북 충주시 연수동 539-1,both
1136,교현스타점(올리브치킨),충청북도,충주시,충청북도 충주시 신호4길 26 (교현동) 2층,both
1137,지현예성점,충청북도,충주시,충청북도 충주시 예성로 60-1 (지현동) ,both
1138,충북노은점,충청북도,충주시,충청북도 충주시 노은면 연하중앙길 41 ,both
1139,충주목행점,충청북도,충주시,충북 충주시 목행동 536번지,both
1140,충주앙성점,충청북도,충주시,충청북도 충주시 앙성면 가곡로 1032 ,both
1141,충주용산점(express)(4),충청북도,충주시,충청북도 충주시 금봉8길 1 (용산동) ,both
1142,충주칠금점,충청북도,충주시,"충청북도 충주시 금릉로 48 (칠금동, 상가동) 105호",both
1143,통영미수봉평점,경상남도,통영시,경상남도 통영시 해평1길 6-2 (봉평동),both
1144,통영죽림점,경상남도,통영시,경상남도 통영시 광도면 신죽1길 90 (죽림프라자) 105호,both
1145,통영큐즈점,경상남도,통영시,경남 통영시 무전동 1032-1 ,both
1146,통영도천점,경상남도,통영시,"경상남도 통영시 도천상가안길 73 (도천동, 신한토탈 114호",both
1147,통영북신점,경상남도,통영시,경상남도 통영시 장골로 25 (북신동) 지하2층 206호(북신동),both
1148,통영안정점,경상남도,통영시,경상남도 통영시 광도면 안정1길 55 (통영현대성우오 101호 2단지 상가(현대성우오스타),both
1149,형곡행복점,경상북도,구미시,경북 구미시 형곡동 151-7 대림베스트빌 301동 105호,both
1150,구미공단점,경상북도,구미시,"경상북도 구미시 산호대로 233 (공단동, 구미BOX IN) 1층 116호",both
1151,구미구평점,경상북도,구미시,경북 구미시 구평동 473-11,both
1152,구미봉곡점,경상북도,구미시,경북 구미시 봉곡동 298-2,both
1153,구미송정점,경상북도,구미시,경북 구미시 송정동 80-5,both
1154,구미신평점,경상북도,구미시,경북 구미시 신평동 150-49번지,both
1155,구미옥계2점,경상북도,구미시,경상북도 구미시 산호대로25길 26-19 (옥계동) ,both
1156,구미옥계사랑점,경상북도,구미시,"경북 구미시 옥계동 4공단 18-3, 6블럭 현진에버빌단지내상가1층 104",both
1157,구미원호점,경상북도,구미시,경북 구미시 도량동 707-8번지 101호,both
1158,구미진평점,경상북도,구미시,경북 구미시 진평동 17-6 청우빌 102,both
1159,구미확장단지점(올리브치킨),경상북도,구미시,경상북도 구미시 산동면 신당4로 17 (우미린센트럴파 2동 101호,both
1160,도량행복점,경상북도,구미시,경상북도 구미시 도봉로 78 102,both
1161,문성고아점,경상북도,구미시,경상북도 구미시 고아읍 들성로 255 ,both
1162,상모사곡점,경상북도,구미시,경북 구미시 상모동 신세계타운2단지 901-105,both
1163,원평스타점,경상북도,구미시,경북 구미시 원평동 77-60 청산빌라 103호,both
1164,김천점,경상북도,김천시,경상북도 김천시 부곡맛고을3길 24 (부곡동) ,both
1165,김천대신점,경상북도,김천시,경북 김천시 신음동 덕일 A상가 101동 101호,both
1166,김천배신점,경상북도,김천시,경상북도 김천시 감문면 배시내길 51 ,both
1167,김천부곡점,경상북도,김천시,경상북도 김천시 김천로 13 (부곡동) ,both
1168,김천신음점,경상북도,김천시,경상북도 김천시 신양4길 63 (신음동) ,both
1169,김천혁신율곡점(올리브치킨),경상북도,김천시,"경상북도 김천시 혁신1로 75 (율곡동, 파크드림씨티써 ",both
1170,김천혁신점,경상북도,김천시,경상북도 김천시 용전3로 15 (율곡동) ,both
1171,낙산해수욕장점,강원도,양양군,강원도 양양군 강현면 일출로 43-11 ,both
1172,"양양쏠비치점(올떡,초대마왕,치킨&비어)(명변)",강원도,양양군,강원도 양양군 손양면 선사유적로 678 (대명쏠비치호 이스탄샤C,both
1173,강원양양점,강원도,양양군,강원 양양군 양양읍 남문1리 97-3번지,both
1174,양양하조대점(express4),강원도,양양군,강원도 양양군 현북면 하조대1길 54 (토크쇼) ,both
1175,동대문점,서울특별시,중구,서울 중구 을지로6가 23-26 지상1층,both
1176,명동점(치킨앤비어)(사변),서울특별시,중구,"서울특별시 중구 명동8가길 22 (충무로2가, 충무로패 3층",both
1177,무교동점,서울특별시,중구,서울특별시 중구 무교로 19 ,both
1178,신당점,서울특별시,중구,서울 중구 무학동 58,both
1179,남대문점,서울특별시,중구,서울특별시 중구 남대문시장4길 42-1 (남창동),both
1180,남산타운점,서울특별시,중구,서울 중구 신당3동 844 남산타운2 215,both
1181,동대문패션타운점,서울특별시,중구,"서울특별시 중구 마장로1길 28-11 (신당동) 신당동,1층",both
1182,신당2점,서울특별시,중구,서울 중구 신당동 304-585,both
1183,봉화점,경상북도,봉화군,경북 봉화군 봉화읍 내성리 272-4,both
1184,경북봉화점,경상북도,봉화군,경상북도 봉화군 내성로1길 47 ,both
1185,삼례우석대점,전라북도,완주군,전라북도 완주군 삼례읍 동학로 103 ,both
1186,완주봉동행운점,전라북도,완주군,전라북도 완주군 봉동읍 둔산1로 116 1층,both
1187,전북봉동3공단점,전라북도,완주군,전라북도 완주군 봉동읍 봉동로 326 ,both
1188,신도림역점,서울특별시,구로구,서울 구로구 신도림동 338번지 푸르지오 2차상가,both
1189,개봉역점,서울특별시,구로구,"서울특별시 구로구 개봉로23가길 76 107(개봉동,한마음프라자)",both
1190,개봉점,서울특별시,구로구,서울 구로구 개봉동 329-13,both
1191,고척점,서울특별시,구로구,서울특별시 구로구 경인로47다길 10 (고척동) ,both
1192,구로점,서울특별시,구로구,서울 구로구 구로동 429-41번지,both
1193,신도림점,서울특별시,구로구,서울 구로구 신도림동 396-23번지,both
1194,오류2점,서울특별시,구로구,서울특별시 구로구 오류로 54 (오류동),both
1195,천왕역점,서울특별시,구로구,"서울특별시 구로구 오류로 30 (오류동, 천왕연지타운1 ",both
1196,울산일산점,울산광역시,동구,울산광역시 동구 해수욕장3길 6 (일산동) ,both
1197,울산서부점,울산광역시,동구,울산 동구 서부동 181-49,both
1198,울산전하점,울산광역시,동구,울산 동구 전하동 634-5 ,both
1199,울산화정점,울산광역시,동구,울산 동구 대송동 140-20,both
1200,휘닉스파크무이점,강원도,평창군,강원도 평창군 봉평면 태기로 89 1층,both
1201,대관령점,강원도,평창군,강원도 평창군 대관령면 대관령로 98 ,both
1202,가재울뉴타운점,서울특별시,서대문구,"서울특별시 서대문구 가재울미래로 2 (남가좌동, DMC 203동 105B호",both
1203,독립문점,서울특별시,서대문구,서울 서대문구 영천동 69-130,both
1204,명지대점,서울특별시,서대문구,서울특별시 서대문구 거북골로 17 (홍은동) 1층,both
1205,연희점,서울특별시,서대문구,서울특별시 서대문구 연희로 87 (연희동) 1층,both
1206,충정로점,서울특별시,서대문구,서울 서대문구 충정로3가 3-96 1층,both
1207,홍은2점,서울특별시,서대문구,서울 서대문구 홍은2동 277-28,both
1208,홍제점,서울특별시,서대문구,서울 서대문구 홍제동 현대원@3구역상가 118호,both
1209,강북스타2호점,서울특별시,강북구,서울특별시 강북구 오현로32길 3 ,both
1210,강북스타3호점,서울특별시,강북구,"서울특별시 강북구 삼양로27길 43 (미아동, 위브 테라 1층 111호",both
1211,강북스타점,서울특별시,강북구,서울특별시 강북구 한천로 992 ,both
1212,수유점,서울특별시,강북구,서울특별시 강북구 노해로23길 67 (수유동) 1층,both
1213,우이공원점,서울특별시,강북구,서울특별시 강북구 삼양로 685 (우이동) ,both
1214,강서지사점(express)(2),부산광역시,강서구,부산광역시 강서구 과학산단로334번다길 39 (지사동) ,both
1215,부산녹산신호점,부산광역시,강서구,부산 강서구 신호동 220-4 골든프라자 103,both
1216,부산명지국제신도시점,부산광역시,강서구,"부산광역시 강서구 명지국제8로 286(명지동, 지봉빌딩 1층 106호",both
1217,부산명지점,부산광역시,강서구,"부산광역시 강서구 명지오션시티6로 33 (명지동, 엘크 103호",both
1218,강원간성점,강원도,고성군,강원 고성군 간성읍 신안리 162-2,both
1219,강원거진점,강원도,고성군,강원 고성군 거진읍 거진리 283-9번지,both
1220,고성대진점,강원도,고성군,강원 고성군 현내면 대진리 111-7,both
1221,강원양구점,강원도,양구군,강원 양구군 양구읍 상리 273-3,both
1222,양구해안점,강원도,양구군,강원 양구군 해안면 현리 25-5,both
1223,강원인제점,강원도,인제군,강원 인제군 인제읍 상동리 347-1,both
1224,서화천도리점,강원도,인제군,강원도 인제군 서화면 금강로 1759-1 ,both
1225,신남태준점,강원도,인제군,강원도 인제군 남면 신남로 90 ,both
1226,인제원통점,강원도,인제군,강원도 인제군 북면 원통로 179-1 ,both
1227,강원태백점,강원도,태백시,강원 태백시 황지동 215-7,both
1228,태백장성점,강원도,태백시,강원 태백시 장성동 150-13번지 4/1,both
1229,강원홍천점,강원도,홍천군,강원도 홍천군 홍천읍 홍천로3길 15 ,both
1230,비발디점,강원도,홍천군,강원도 홍천군 서면 한서로 2125 ,both
1231,경남거창점,경상남도,거창군,경남 거창군 거창읍 대동리 713-1 세한빌딩 101호,both
1232,경남고성점,경상남도,고성군,경남 고성군 고성읍 서외리 224-6 상우궁전빌라 101,both
1233,경남안의점1,경상남도,함양군,경남 함양군 안의면 당본리 21-1번지,both
1234,경남함양점,경상남도,함양군,경남 함양군 함양읍 용평리 720-15,both
1235,경남영산점,경상남도,창녕군,경상남도 창녕군 영산면 영산새싹길 28 ,both
1236,경남창녕점,경상남도,창녕군,경남 창녕군 창녕읍 교하리 46-2,both
1237,남지점,경상남도,창녕군,경상남도 창녕군 남지읍 낙동로 486 103,both
1238,경북고령점,경상북도,고령군,경북 고령군 고령읍 쾌빈리 483-1,both
1239,경북성주가천점,경상북도,성주군,경북 성주군 가천면 창천리 518-1,both
1240,성주점(올리브치킨3)(2),경상북도,성주군,경상북도 성주군 성주읍 성주읍2길 13-9 ,both
1241,경북신도청점,경상북도,예천군,경상북도 예천군 호명면 양지4길 4 ,both
1242,경북예천점(올리브치킨),경상북도,예천군,경상북도 예천군 예천읍 중앙로 74 (예천성인콜라텍) ,both
1243,고창본점,전라북도,고창군,전북 고창군 고창읍 읍내리 197-8,both
1244,고흥거금도점,전라남도,고흥군,전남 고흥군 금산면 거금중앙길 137,both
1245,곡성옥과점(express3),전라남도,곡성군,전라남도 곡성군 옥과면 대학로 147 ,both
1246,전남곡성점,전라남도,곡성군,전라남도 곡성군 곡성읍 군청로 14 ,both
1247,공릉점,서울특별시,노원구,서울특별시 노원구 공릉로 199 103(공릉동),both
1248,광운대점,서울특별시,노원구,서울 노원구 월계동 402-53번지,both
1249,노원점,서울특별시,노원구,서울특별시 노원구 상계로1길 62-51 (상계동) 1층,both
1250,마들점,서울특별시,노원구,서울특별시 노원구 동일로 228길 29 106호(상계동),both
1251,중계은행점,서울특별시,노원구,서울 노원구 중계동 366-10 중원코아빌딩 1층 105,both
1252,중계중앙점,서울특별시,노원구,서울 노원구 중계동 360-15 건영A상가 107,both
1253,공주신관점,충청남도,공주시,충남 공주시 금흥동 현대4차A상가 104호,both
1254,공주옥룡점,충청남도,공주시,충남 공주시 옥룡동 330-1,both
1255,공주이인점,충청남도,공주시,충남 공주시 이인면 이인리 159-5,both
1256,광나루점(Cafe),서울특별시,광진구,"서울특별시 광진구 광나루로 595 (광장동, 광장자이아 ",both
1257,광장점,서울특별시,광진구,서울특별시 광진구 구의로16길 89 (구의동) 101호,both
1258,광장점,서울특별시,광진구,서울특별시 광진구 구의로16길 89 (구의동) 1층,both
1259,구의점,서울특별시,광진구,"서울특별시 광진구 자양로 296 (구의동, 1층)",both
1260,군자점,서울특별시,광진구,서울 광진구 군자동 364,both
1261,동서울터미널점(올리브카페),서울특별시,광진구,"서울특별시 광진구 강변역로 50 (구의동, 동서울터미 지하1층 15호",both
1262,자양3점,서울특별시,광진구,"서울특별시 광진구 능동로 49 (자양동,1층)",both
1263,광양덕례점,전라남도,광양시,전남 광양시 광양읍 구산리 848-23 ,both
1264,광양용강점,전라남도,광양시,전라남도 광양시 광양읍 와룡길 30-1 ,both
1265,광양중동점,전라남도,광양시,전라남도 광양시 광장1길 21 (중동) ,both
1266,광양중마점,전라남도,광양시,전라남도 광양시 중마로 267 (중동) ,both
1267,전남광영점,전라남도,광양시,전남 광양시 광영동 784-14,both
1268,광주담양점,전라남도,담양군,전남 담양군 담양읍 지침리 113-1,both
1269,담양메타프로방스점(express),전라남도,담양군,전라남도 담양군 담양읍 깊은실길 2-13 ,both
1270,광주영암점,전라남도,영암군,전남 영암군 영암읍 서남리 66-1번지,both
1271,전남대불점,전라남도,영암군,전남 영암군 삼호읍 용앙리 1661-6,both
1272,전남영암삼호점,전라남도,영암군,전라남도 영암군 삼호읍 신항로 135-29 ,both
1273,광주학운점,광주광역시,동구,광주 동구 학동 676-12 보람아파트 상가 103호,both
1274,구리갈매점(올리브카페),경기도,구리시,"경기도 구리시 갈매중앙로 89-8 (갈매동, 로데오프라 1층 102호",both
1275,구리교문점,경기도,구리시,경기 구리시 교문동 803,both
1276,구리수택점,경기도,구리시,경기도 구리시 이문안로99번길 24 (수택동) 1층,both
1277,인창점,경기도,구리시,경기 구리시 인창동 640-1,both
1278,군위행복점,경상북도,군위군,경상북도 군위군 군위읍 중앙길 126 ,both
1279,군포당동점,경기도,군포시,경기 군포시 당동 872-2 산본리빙스텔 107호,both
1280,군포부곡점,경기도,군포시,"경기도 군포시 송부로 222-1 (부곡동, 휴먼시아 5단지 104",both
1281,군포중앙점(올리브치킨),경기도,군포시,"경기도 군포시 당정역로 8 (당정동, 대우프라자 3) 105호",both
1282,산본1호점,경기도,군포시,경기도 군포시  번영로 380-1 ,both
1283,산본2점,경기도,군포시,경기 군포시 산본동 1118-6번지 1층 103호,both
1284,산본3점,경기도,군포시,경기 군포시 산본2동 1078번지 1층,both
1285,산본금정본점,경기도,군포시,"경기도 군포시 금산로 55 (산본동, 화남상가) 101,102호",both
1286,기장일광점,부산광역시,기장군,부산광역시 기장군 일광면 일광로 110 (가위소리) ,both
1287,부산고리원자력점,부산광역시,기장군,부산 기장군 장안읍 월내리 171,both
1288,부산기장점,부산광역시,기장군,부산 기장군 기장읍 동부리 365-1,both
1289,부산정관중앙점,부산광역시,기장군,부산광역시 기장군 정관읍 정관5로 12 (동원로얄듀크2 동원로얄듀크상가 227동 125호,both
1290,정관신도시점,부산광역시,기장군,부산 기장군 정관면 모전2길 22,both
1291,낙민수안점,부산광역시,동래구,부산 동래구 낙민동 91-14 103,both
1292,부산명서점,부산광역시,동래구,부산 동래구 명장1동 484-5,both
1293,부산사직점,부산광역시,동래구,부산 동래구 사직동 99-1,both
1294,부산안락점,부산광역시,동래구,부산 동래구 안락동 472-1 ,both
1295,부산온천점,부산광역시,동래구,부산광역시 동래구 중앙대로1367번길 25 (온천동) ,both
1296,남악대박점,전라남도,무안군,전라남도 무안군 삼향읍 남악4로82번길 31 (근화베아 상가 109호,both
1297,무안남악행운점,전라남도,무안군,전라남도 무안군 삼향읍 남악3로 39 (펠리시티상가) 102동 1층 104호,both
1298,청계목대점(펀앤정),전라남도,무안군,전남 무안군 청계면 도림리 311-19,both
1299,남해남면점,경상남도,남해군,경남 남해군 남면 남서대로 800,both
1300,남해미조점,경상남도,남해군,경남 남해군 미조면 미조리 100-1,both
1301,남해읍점,경상남도,남해군,경상남도 남해군 남해읍 망운로 17 ,both
1302,당리사하점,부산광역시,사하구,부산광역시 사하구 제석로 59 (당리동) 1층,both
1303,부산괴정점,부산광역시,사하구,부산 사하구 괴정3동 262-1,both
1304,부산몰운대다대1동점,부산광역시,사하구,부산 사하구 다대동 1551-26,both
1305,부산사하감천점,부산광역시,사하구,부산 사하구 감천동 789 유림2차 106호,both
1306,부산하단점,부산광역시,사하구,"부산 사하구 하단동 낙동대로 519번길 79, 1층 3호",both
1307,대광점,경기도,연천군,경기 연천군 신서면 도신리 290-26번지,both
1308,전곡점,경기도,연천군,경기 연천군 전곡읍 전곡리 468-4,both
1309,대구서구점,대구광역시,서구,대구광역시 서구 국채보상로 316 평리롯데캐슬아파트 202-106,both
1310,평산행복점,대구광역시,서구,대구 서구 평리동 721-10,both
1311,대전계룡점,충청남도,계룡시,충남 계룡시 엄사면 엄사리 174-2,both
1312,대전목동점,대전광역시,중구,대전 중구 중촌동 411-1,both
1313,대전벽산점,대전광역시,중구,대전 중구 유천동 189-11,both
1314,대전부사점,대전광역시,중구,대전광역시 중구 보문로67번길 14 (부사동) ,both
1315,대전산성점,대전광역시,중구,대전광역시 중구 대둔산로 407-19 (산성동) 1층,both
1316,도봉1점(올리브치킨),서울특별시,도봉구,서울 도봉구 도봉동 562-1,both
1317,쌍문중앙점,서울특별시,도봉구,서울 도봉구 쌍문3동 341~342 342-3번지,both
1318,쌍문행복점,서울특별시,도봉구,서울 도봉구 쌍문동 262-2,both
1319,창동본점,서울특별시,도봉구,서울특별시 도봉구 마들로11가길 15 (창동) 109호,both
1320,창동점,서울특별시,도봉구,"서울특별시 도봉구 도봉로136가길 73 (창동, 북한산한 104-106(창동,북한산한신휴플러스)",both
1321,만수점,인천광역시,남동구,"인천광역시 남동구 담방로21번길 55 (만수동, 뉴서울 1층 6호",both
1322,만수주공점(익스프레스),인천광역시,남동구,인천 남동구 만수동 72-26,both
1323,서창2지구점,인천광역시,남동구,인천광역시 남동구 서창남로 16-1 (서창동) 1층 104호(HK프라자),both
1324,인천간석역점,인천광역시,남동구,인천 남동구 간석4동 390-14,both
1325,인천간석점,인천광역시,남동구,인천 남동구 간석3동 34-20번지,both
1326,인천구월점,인천광역시,남동구,"인천광역시 남동구 성리로35번길 20-1 (구월동,1층2호 ",both
1327,인천구월캐슬점,인천광역시,남동구,인천 남동구 구월동 24 롯데캐슬골드상가 201,both
1328,인천논현2점,인천광역시,남동구,인천 남동구 논현동 616-1 논현프라자 108,both
1329,인천논현점,인천광역시,남동구,"인천광역시 남동구 호구포로 212 (논현동,대양프라자1층102호)",both
1330,인천만수2점,인천광역시,남동구,인천 남동구 만수5동 912-12 ,both
1331,인천서창점,인천광역시,남동구,인천 남동구 서창동 565-6 1층일부(102호),both
1332,한화지구점,인천광역시,남동구,"인천광역시 남동구 앵고개로815번길 20 (논현동, 소래 비상가동 1층 102호",both
1333,미사점,경기도,하남시,"경기도 하남시 미사강변대로 212 (망월동, 미사센트럴 1층 120호",both
1334,하남점,경기도,하남시,경기 하남시 신장동 96-3,both
1335,하남중앙점,경기도,하남시,경기 하남시 신장1동 446-12,both
1336,하남풍산행복점,경기도,하남시,경기 하남시 덕풍3동 811-3,both
1337,밀양내이점,경상남도,밀양시,경상남도 밀양시 백민로 31-2 (내이동) 1층,both
1338,밀양수산점,경상남도,밀양시,경남 밀양시 하남읍 수산리 814-62번지,both
1339,부산밀양삼문점,경상남도,밀양시,경남 밀양시 삼문동 552-1 제일훼미리상가 107호,both
1340,보광점(2),서울특별시,용산구,서울 용산구 보광동 386-1,both
1341,용산점,서울특별시,용산구,서울 용산구 용산동5가 24외 1필지 파크타워비14호,both
1342,원효로점,서울특별시,용산구,서울 용산구 원효로4가 118-3 영천빌딩1층,both
1343,이촌점,서울특별시,용산구,"서울 용산구 이촌로75길 10-7,105 ",both
1344,부산거제점,부산광역시,연제구,부산광역시 연제구 중앙대로 1061 (연산동) 1층,both
1345,부산연산로타리점,부산광역시,연제구,부산광역시 연제구 중앙대로 1184 (거제동) (거제동),both
1346,부산연산점,부산광역시,연제구,부산광역시 연제구 월드컵대로 27 (연산동),both
1347,부산연산토곡점,부산광역시,연제구,부산광역시 연제구 과정로226번길 8 (연산동) ,both
1348,부산덕천점,부산광역시,북구,부산광역시 북구 만덕대로78번길 30 (덕천동) ,both
1349,부산만덕점,부산광역시,북구,부산광역시 북구 만덕3로 34 (만덕동) ,both
1350,부산화명신도시점,부산광역시,북구,부산 북구 화명동 2271-2 새론빌딩 105호,both
1351,부산동삼국민은행점,부산광역시,영도구,부산 영도구 동삼동 354-1,both
1352,부산봉래청학점,부산광역시,영도구,부산 영도구 청학2동 7-6 번지,both
1353,부산영선점(올리브치킨),부산광역시,영도구,부산광역시 영도구 꿈나무길 255 (신선동3가) 1층,both
1354,부산양산신도시점,경상남도,양산시,경남 양산시 중부동 689-1 골든글로리 상가,both
1355,부산양산평산점,경상남도,양산시,경남 양산시 평산동 496-3,both
1356,부산통도환타지아점,경상남도,양산시,경남 양산시 하북면 순지리 812-7,both
1357,석계모아점,경상남도,양산시,경남 양산시 상북면 석계리 34-43,both
1358,양산범어신도시점,경상남도,양산시,경상남도 양산시 물금읍 화합4길 11-6 1층,both
1359,양산북정점,경상남도,양산시,"경상남도 양산시 북정중앙로 32 (북정동, GNB영어학원 1층",both
1360,양산서창점,경상남도,양산시,경상남도 양산시 연호9길 18-2 (삼호동) ,both
1361,양산어곡점,경상남도,양산시,경남 양산시 어곡동 9-3번지 로얄빌상가 지하 105호,both
1362,증산신도시점,경상남도,양산시,경남 양산시 물금읍 가촌리 1280-4 나래메트로 D동 109호,both
1363,부안격포점,전라북도,부안군,전북 부안군 변산면 격포리 508-35 ,both
1364,사북고한점,강원도,정선군,강원도 정선군 고한읍 고한로 89 ,both
1365,삼사해상공원점,경상북도,영덕군,경상북도 영덕군 강구면 동해대로 4332 ,both
1366,상주2점,경상북도,상주시,경상북도 상주시 삼백로 177 (복룡동),both
1367,서귀포신시가지점,제주특별자치도,서귀포시,"제주특별자치도 서귀포시 신서귀로 11 (법환동, 서호 ",both
1368,제주남원점,제주특별자치도,서귀포시,제주특별자치도 서귀포시 남원읍 태위로679번길 12-1 ,both
1369,제주담모라리조트점,제주특별자치도,서귀포시,제주특별자치도 서귀포시 안덕면 사계리 745 ,both
1370,제주서귀일호점,제주특별자치도,서귀포시,제주 서귀포시 서귀동 279-7,both
1371,제주서홍점,제주특별자치도,서귀포시,제주특별자치도 서귀포시 중앙로 199 (서홍동) 상가동 4호,both
1372,제주성산점,제주특별자치도,서귀포시,제주특별자치도 서귀포시 성산읍 고성오조로 71-1 ,both
1373,제주영어교육도시점,제주특별자치도,서귀포시,제주 서귀포시 대정읍 보성리 2372-2번지,both
1374,속리산점,충청북도,보은군,충청북도 보은군 속리산면 사내5길 6-8 ,both
1375,충북보은점,충청북도,보은군,충청북도 보은군 보은읍 보은로 120 ,both
1376,속초교동스타점,강원도,속초시,"강원도 속초시 미시령로3337번길 6-49 (교동, 현대1차 1층 105호",both
1377,속초조양점,강원도,속초시,강원 속초시 조양동 1378~1499 1484-11,both
1378,안동옥동송현점,경상북도,안동시,경북 안동시 옥동 789-13,both
1379,안동용상점(올리브치킨),경상북도,안동시,경상북도 안동시 중들4길 11-7 (용상동) 1층,both
1380,안동중앙점,경상북도,안동시,경상북도 안동시 퇴계로 124 (명륜동) ,both
1381,영광홍농점(펀앤정),전라남도,영광군,전남 영광군 홍농읍 상하리 480-1번지,both
1382,전남영광점,전라남도,영광군,전라남도 영광군 영광읍 신남로 216 ,both
1383,영동학산점,충청북도,영동군,충북 영동군 학산면 서산리 817-3,both
1384,충북영동점(펀&정),충청북도,영동군,충북 영동군 영동읍 계산리 695-7번지,both
1385,오산궐동점,경기도,오산시,경기 오산시 궐동 626-4 1층,both
1386,오산시청점(올리브치킨),경기도,오산시,"경기도 오산시 성호대로 123 (오산동, 오산그린프라자 107-1호",both
1387,와수점(펀&정),강원도,철원군,강원 철원군 서면 와수리 1141-1번지,both
1388,철원동송점,강원도,철원군,강원 철원군 동송읍 이평리 680-59,both
1389,울릉점,경상북도,울릉군,경상북도 울릉군 울릉읍 울릉순환로 218 ,both
1390,울산구영점,울산광역시,울주군,울산 울주군 범서읍 구영리 807-3번지 3호,both
1391,울산남창점,울산광역시,울주군,울산광역시 울주군 온양읍 대운길 21 (1층),both
1392,울산덕신점,울산광역시,울주군,울산광역시 울주군 온산읍 신온9길 61 1층,both
1393,울산언양점,울산광역시,울주군,울산광역시 울주군 언양읍 남문길 27 ,both
1394,울산천상점,울산광역시,울주군,울산광역시 울주군 범서읍 천상중앙길 100-1 ,both
1395,울주삼남점,울산광역시,울주군,울산광역시 울주군 삼남면 중남1길 2-4 ,both
1396,"울진본점(명변,올리브치킨)",경상북도,울진군,경상북도 울진군 울진읍 연호로 27 (BBQ 울진본점) ,both
1397,울진온정점,경상북도,울진군,경상북도 울진군 온정면 백암온천로 1275 ,both
1398,울진평해점,경상북도,울진군,경상북도 울진군 평해읍 월송정로 143 ,both
1399,음성대소점,충청북도,음성군,충청북도 음성군 대소면 오태로137번길 5-12 ,both
1400,충북음성점,충청북도,음성군,충북 음성군 음성읍 읍내리 479-13,both
1401,충북혁신도시점,충청북도,음성군,충청북도 음성군 맹동면 원중로 1404 미래빌딩,both
1402,의성행복점,경상북도,의성군,경북 의성군 의성읍 중앙길 84,both
1403,이천마장점,경기도,이천시,경기 이천시 마장면 오천로 12,both
1404,이천부발점,경기도,이천시,경기 이천시 부발읍 무촌리 224-2 1층,both
1405,이천송정점,경기도,이천시,"경기 이천시 송정동 375-2,9 금정프라자 1동 B103호",both
1406,이천신둔점,경기도,이천시,경기도 이천시 경충대로2996번길 54 (사음동) ,both
1407,이천중리점,경기도,이천시,경기도 이천시 경충대로2586번길 31 (중리동) ,both
1408,이천증포점,경기도,이천시,경기도 이천시 아리역로 25 (증포동) ,both
1409,장호원행복점,경기도,이천시,경기도 이천시 장호원읍 샘재로147번길 7 ,both
1410,SK이천하이닉스점,경기도,이천시,경기도 이천시 부발읍 경충대로 2102 101,both
1411,인천영흥점,인천광역시,옹진군,"인천광역시 옹진군 영흥면 영흥로 158 101호,102호",both
1412,장성상무대점,전라남도,장성군,전라남도 장성군 삼계면 사창로 57 ,both
1413,전남벌교점,전라남도,보성군,전라남도 보성군 벌교읍 채동선로 223 1층,both
1414,전남보성점(express),전라남도,보성군,전남 보성군 보성읍 우산리 631-1 보성우산주공아파트 1층102호,both
1415,전남장흥점,전라남도,장흥군,전라남도 장흥군 장흥읍 장흥로 16 ,both
1416,전남장흥점(올리브카페),전라남도,장흥군,전라남도 장흥군 장흥읍 장흥대로 3482 (월정빌딩) 1층,both
1417,전남진도점,전라남도,진도군,전라남도 진도군 진도읍 남문길 42-2 ,both
1418,전남화순점,전라남도,화순군,"전라남도 화순군 화순읍 중앙로 93, 1층 ",both
1419,전북도청점,전라북도,전주시,전북 전주시 완산구 효자동2가 1157-1 137호동,both
1420,전북혁신점,전라북도,전주시,전라북도 전주시 완산구 오공로 43-22 (중동) 108호,both
1421,전주금암점,전라북도,전주시,"전라북도 전주시 덕진구 조경단로 104 (금암동, 아가 1층",both
1422,전주동산반월점,전라북도,전주시,전북 전주시 덕진구 반월동 422-28,both
1423,전주삼천점,전라북도,전주시,전북 전주시 완산구 삼천동1가 657-8,both
1424,전주서신점,전라북도,전주시,"전라북도 전주시 완산구 여울로 109-9 (서신동, 엘지 제상가동 1층 102호(서신동)",both
1425,전주송천점,전라북도,전주시,전라북도 전주시 덕진구 오송1길 15 (송천동1가) 103호,both
1426,전주신도시점,전라북도,전주시,전북 전주시 완산구 효자동2가 1327-4,both
1427,전주아중점,전라북도,전주시,전라북도 전주시 덕진구 한배미로 16 (인후동1가),both
1428,전주평화점,전라북도,전주시,전북 전주시 완산구 평화동1가 729-6,both
1429,전주하가지구점,전라북도,전주시,전라북도 전주시 덕진구 가리내5길 16 (덕진동2가) ,both
1430,전북순창점,전라북도,순창군,전라북도 순창군 순창읍 옥천로 42 ,both
1431,"충남동대점(타변,올리브카페)",충청남도,보령시,충청남도 보령시 작은오랏3길 7 (동대동) ,both
1432,충남웅천점,충청남도,보령시,충청남도 보령시 웅천읍 장터중앙길 133-11 (한창약국 ,both
1433,충남부여점,충청남도,부여군,충청남도 부여군 부여읍 월함로 9 ,both
1434,충남청양점,충청남도,청양군,충청남도 청양군 청양읍 중앙로 84 ,both
1435,충남태안남문점,충청남도,태안군,충청남도 태안군 태안읍 중앙로 40-1 ,both
1436,태안안면점,충청남도,태안군,충청남도 태안군 안면읍 장터로 114-20 ,both
1437,태안원북점,충청남도,태안군,충청남도 태안군 원북면 원이로 831-1 ,both
1438,충남홍성본점,충청남도,홍성군,충남 홍성군 홍성읍 오관리 552-3번지 ,both
1439,충북괴산점,충청북도,괴산군,충북 괴산군 괴산읍 동부리 646-3,both
1440,충북단양점,충청북도,단양군,충북 단양군 단양읍 도전리 179번지,both
1441,충북옥천점,충청북도,옥천군,충청북도 옥천군 옥천읍 문장로 31 (2층 201호),both
1442,충북증평점,충청북도,증평군,충북 증평군 증평읍 신동리 15번지,both
1443,합천가야점,경상남도,합천군,경상남도 합천군 가야면 가야시장로 74 ,both
1444,화천간동점(펀앤정),강원도,화천군,강원 화천군 간동면 오음리 634-6,both
1445,화천사내점,강원도,화천군,강원 화천군 사내면 사창리 366-6 1/3,both
1446,화천점(CAFE),강원도,화천군,강원 화천군 화천읍 하리 50-5  3/3,both
1447,횡성둔내점,강원도,횡성군,강원 횡성군 둔내면 자포곡리 414-10,both
1448,횡성우천점,강원도,횡성군,강원도 횡성군 우천면 수남로 349 ,both
1449,횡성점,강원도,횡성군,강원 횡성군 횡성읍 읍상리 292-5,both
1450,,부산광역시,동구,,right_only
1451,,전라북도,김제시,,right_only
1452,,전라북도,진안군,,right_only
1453,,전라남도,함평군,,right_only
1454,,전라남도,신안군,,right_only
1455,,경상북도,소계,,right_only
1456,,경상북도,청송군,,right_only
1457,,경상북도,영양군,,right_only
1458,,경상북도,청도군,,right_only
1459,,경상남도,소계,,right_only
1460,,경상남도,의령군,,right_only
